red,green,blue
136,127,87
129,115,85
125,110,83
123,111,83
119,106,79
112,96,73
109,92,71
108,97,73
108,98,73
105,96,71
105,99,74
101,97,72
99,92,69
100,93,70
104,100,73
104,101,75
107,98,75
105,94,71
135,108,80
146,104,77
156,111,83
152,111,84
131,92,63
165,120,89
183,143,114
177,138,107
210,176,145
232,212,190
202,171,144
141,94,61
161,103,66
184,119,79
168,107,69
176,122,86
173,132,86
176,142,89
163,145,87
140,146,73
138,147,80
145,157,90
148,164,86
139,152,85
145,150,85
153,158,90
163,164,96
184,165,106
181,159,98
183,166,101
198,171,112
210,169,124
218,173,129
216,173,128
231,187,140
210,172,120
227,193,136
234,194,139
238,199,138
240,206,140
132,121,84
129,111,81
126,109,82
126,117,86
121,110,81
116,103,76
117,107,78
112,104,77
111,99,74
107,98,72
108,104,75
103,98,72
100,92,69
102,97,72
102,100,73
103,101,73
107,102,72
104,95,65
125,102,74
142,100,73
148,104,77
142,104,77
128,89,60
168,124,91
182,142,112
176,139,106
227,199,169
252,243,223
217,188,157
134,89,55
154,98,62
181,113,72
162,99,60
169,116,80
159,129,86
142,128,72
146,129,76
125,110,63
133,137,75
144,154,89
145,160,84
143,155,85
148,152,91
156,161,94
168,170,95
182,170,101
189,165,106
173,163,95
188,165,106
212,171,125
211,170,128
209,166,121
216,177,121
200,164,110
208,172,111
221,183,122
230,190,128
231,193,132
138,135,88
133,118,85
128,112,83
128,120,86
122,114,82
123,116,82
119,113,80
114,104,76
107,95,71
107,97,71
108,103,75
103,97,72
102,94,70
103,98,72
97,95,67
102,98,70
137,132,105
166,158,129
182,148,113
190,144,104
187,140,99
168,125,90
154,114,80
179,137,103
180,141,111
166,129,101
153,120,90
164,127,91
160,118,81
129,85,53
141,89,53
175,114,74
166,104,66
167,112,74
169,128,85
157,130,88
154,128,100
86,60,41
125,131,69
145,157,92
146,160,86
139,157,78
139,152,77
150,161,85
176,173,101
186,173,102
187,170,106
172,163,92
193,166,111
210,168,123
212,171,129
209,172,122
221,182,127
200,160,113
208,171,120
214,178,119
226,186,125
233,191,133
131,124,87
126,111,82
137,123,89
136,134,91
129,129,87
126,124,85
119,112,79
113,103,75
107,95,71
107,96,73
108,100,76
102,94,70
99,89,66
96,89,65
138,135,117
212,210,192
252,249,230
255,253,226
254,228,193
248,209,166
234,187,137
229,178,125
231,180,126
238,192,137
239,197,148
226,185,143
190,151,117
166,127,97
168,126,95
139,97,67
137,87,55
160,102,66
149,93,57
168,115,80
177,126,89
164,129,84
156,130,97
85,57,39
123,129,67
138,152,87
157,164,91
148,162,87
135,148,77
146,155,76
165,165,91
176,167,97
179,166,106
179,157,100
192,169,109
204,167,117
215,171,124
203,170,113
217,180,124
200,162,115
203,170,121
212,181,120
221,185,124
227,184,128
130,121,88
129,114,84
143,133,93
136,137,91
128,130,88
124,124,86
119,113,81
120,109,81
115,104,78
109,98,75
106,99,75
97,87,64
111,99,82
193,187,182
253,249,234
255,241,214
252,232,208
250,233,212
247,228,207
248,227,204
238,210,184
209,173,141
198,158,121
211,170,128
217,177,134
228,191,148
232,196,156
230,194,158
216,179,143
206,167,131
206,166,131
208,164,129
186,140,106
177,132,99
176,129,95
168,137,92
161,135,98
93,63,46
101,105,48
127,140,76
145,161,85
152,165,94
141,153,85
141,154,72
148,158,77
170,159,100
183,160,111
189,163,111
193,162,112
194,160,111
198,159,109
192,173,113
209,176,124
199,164,115
213,175,122
217,186,125
222,186,120
218,172,117
129,120,86
132,122,86
135,130,88
131,128,89
124,122,86
122,117,84
118,109,79
132,115,87
127,110,84
104,94,68
109,103,79
137,126,113
228,223,222
255,254,247
249,226,198
247,222,201
233,211,193
225,204,189
225,205,192
227,208,194
224,204,190
199,172,152
171,138,111
167,134,105
167,135,104
166,133,102
168,137,108
164,131,102
166,132,103
165,130,98
182,146,112
191,155,121
192,157,123
203,170,137
203,166,132
207,167,125
188,153,118
94,65,48
135,110,70
163,150,97
152,155,89
148,154,86
135,150,78
137,154,74
161,166,98
183,169,112
180,153,99
180,155,103
190,159,109
172,146,92
174,138,89
193,168,105
197,169,111
198,171,112
198,171,107
194,171,101
206,172,105
197,152,102
127,120,85
133,124,87
137,127,90
141,131,94
126,118,86
116,106,79
110,98,73
130,112,83
169,147,117
190,181,168
227,224,220
252,251,251
255,255,255
255,246,227
238,211,187
237,214,195
227,205,189
227,205,188
235,213,198
238,218,202
229,209,192
211,185,165
188,157,131
170,137,108
164,129,100
166,132,103
157,126,97
148,117,91
148,118,92
152,121,95
154,121,92
145,112,85
137,102,76
132,99,71
142,111,84
161,132,105
177,145,119
96,64,46
178,145,119
236,208,181
226,196,166
210,183,147
202,189,143
195,186,138
183,163,121
153,125,81
173,132,85
181,139,95
182,144,100
178,141,96
178,144,98
192,161,109
204,164,117
198,160,110
208,175,118
210,179,124
208,175,115
199,163,107
127,121,88
129,119,87
129,117,85
129,118,87
128,116,84
133,113,84
130,110,81
150,134,104
244,237,223
255,255,255
255,255,255
255,255,252
248,239,226
238,227,213
237,224,212
228,214,200
228,213,200
231,216,203
229,215,201
216,200,184
200,179,158
191,166,142
181,154,129
171,140,114
174,140,110
193,162,133
186,155,128
168,135,109
170,138,111
141,114,90
114,84,54
147,112,77
148,113,83
140,105,76
142,108,78
123,92,67
144,111,84
109,76,55
133,105,82
180,157,134
185,167,145
192,175,156
200,183,170
176,155,142
147,119,97
89,61,37
101,67,39
134,96,63
137,101,71
129,93,62
156,117,82
174,137,101
191,156,122
187,152,116
197,162,122
203,165,122
199,157,112
192,150,103
126,119,88
127,116,86
123,108,80
127,108,81
147,116,86
169,126,94
175,128,93
231,219,200
255,255,255
255,255,254
255,255,250
248,241,232
229,216,205
228,215,204
232,220,208
220,209,200
213,202,194
197,186,180
194,183,177
187,175,167
182,167,156
183,167,156
183,167,153
171,151,132
162,139,117
170,152,133
163,144,123
158,138,120
151,130,113
128,107,90
108,90,73
104,85,66
92,71,51
99,76,51
107,83,59
89,63,42
113,82,53
98,71,49
70,45,25
111,78,50
123,88,56
126,91,61
104,75,52
87,62,41
84,59,38
86,58,37
118,84,57
119,87,61
118,86,59
114,82,57
109,76,49
120,86,54
138,107,76
149,118,85
160,125,88
160,120,82
163,118,78
166,119,77
123,111,83
123,110,81
123,105,78
141,109,82
161,117,85
185,133,94
200,158,128
255,254,247
255,255,252
255,255,252
252,247,237
244,234,220
224,212,202
216,204,196
197,187,181
197,188,185
191,184,181
182,174,169
166,155,147
146,133,122
131,117,105
117,102,88
108,90,74
103,83,66
106,86,69
116,93,77
120,95,75
119,93,71
108,82,59
109,81,56
110,81,55
111,80,51
100,68,40
88,59,32
83,56,33
71,48,29
79,57,38
51,36,22
57,39,23
74,54,35
82,59,39
94,68,45
107,78,51
97,69,43
110,80,51
121,87,60
141,106,74
134,102,71
123,89,58
136,100,69
134,99,67
144,110,68
159,127,81
161,129,79
167,132,83
155,114,75
159,115,75
167,120,76
123,116,84
126,116,83
153,124,96
155,115,87
162,116,82
192,136,95
215,179,153
255,255,251
255,255,249
246,239,227
217,203,193
209,198,191
198,189,184
190,186,182
175,171,168
154,148,142
130,122,113
109,96,85
87,72,61
84,71,61
91,78,70
98,85,77
109,96,90
123,110,104
137,122,114
148,130,120
147,127,112
145,121,103
121,96,75
97,68,45
83,50,23
80,43,15
70,34,10
87,48,19
113,70,36
105,72,43
73,50,34
44,28,17
87,67,42
111,99,60
102,95,59
103,89,65
106,88,72
109,90,71
105,87,58
107,86,50
121,92,55
121,91,58
105,74,46
108,75,45
107,76,47
104,73,45
110,77,48
117,84,52
126,91,59
130,96,62
136,100,66
141,103,67
136,125,88
146,123,90
169,128,99
160,116,86
171,122,87
189,132,91
195,155,127
255,255,246
251,242,227
220,209,200
198,189,184
191,187,185
162,157,153
122,113,106
109,100,94
151,142,138
148,137,133
138,128,123
145,137,135
158,151,149
166,158,155
166,156,153
167,158,155
173,164,161
174,164,160
177,166,160
178,165,156
182,167,156
181,162,146
169,143,122
143,112,86
88,57,36
64,31,9
106,63,27
150,97,53
162,113,65
125,93,58
74,48,32
85,64,39
89,76,46
94,95,50
104,107,54
118,109,69
123,103,80
133,114,90
132,116,77
129,111,69
122,99,68
110,85,57
123,95,67
112,87,61
88,65,43
90,65,41
96,67,40
100,71,42
97,68,41
106,74,43
134,101,57
141,117,84
168,126,96
173,132,103
162,118,87
178,128,93
189,133,91
199,157,127
255,255,250
242,231,219
209,203,199
170,164,162
144,135,129
87,73,62
79,65,57
168,161,157
180,171,164
170,159,153
158,146,138
162,152,146
171,164,160
177,170,166
181,171,167
180,170,164
179,168,162
179,167,161
183,171,163
179,165,154
177,161,146
177,157,139
176,153,130
190,164,140
205,181,158
149,122,100
82,48,24
94,52,20
125,73,32
158,113,76
98,68,52
99,90,50
99,98,56
105,115,61
104,122,55
108,118,60
137,125,83
145,126,83
128,103,80
127,101,80
140,113,89
152,123,95
173,140,108
127,98,72
94,72,51
95,70,48
101,74,48
102,73,46
114,82,51
150,112,73
176,139,92
148,109,78
174,131,102
173,132,104
154,111,82
170,123,89
178,125,84
214,178,156
255,255,251
237,229,218
192,183,177
160,149,143
123,112,105
122,114,113
179,175,178
177,170,163
149,140,131
141,131,124
134,120,111
150,140,135
168,161,159
176,169,165
177,170,165
167,156,149
157,143,133
170,157,148
170,156,145
156,139,124
164,145,129
174,153,137
179,157,137
202,180,160
217,197,177
211,191,170
191,166,143
159,129,104
156,121,93
172,137,113
98,68,52
127,115,76
160,162,119
155,166,115
178,196,141
190,179,145
123,93,68
120,86,55
153,114,77
165,128,92
168,132,95
165,130,94
163,128,94
164,130,98
176,145,115
171,139,110
171,136,103
178,143,110
196,161,126
200,164,130
198,163,130
156,110,81
178,137,108
167,127,99
155,111,82
179,128,92
200,145,105
235,213,196
238,224,208
238,225,213
205,191,182
183,175,170
189,185,187
194,194,198
202,201,202
175,171,169
159,154,151
144,136,132
154,144,140
170,163,161
176,170,168
176,169,166
174,165,160
157,143,135
158,143,133
158,144,132
143,126,111
152,135,121
158,140,127
157,138,122
164,144,128
189,170,153
194,175,157
184,164,144
209,192,174
223,205,185
240,223,203
218,197,178
96,67,50
183,160,137
243,234,217
226,219,206
208,199,192
176,161,149
139,117,98
103,75,50
93,68,46
100,75,55
118,90,68
114,86,63
114,85,62
120,89,64
129,98,71
139,108,79
151,118,86
166,132,98
178,143,108
177,143,109
170,138,105
159,114,85
174,134,106
166,126,99
151,109,81
172,122,89
197,146,109
246,234,219
227,216,207
218,208,199
218,207,199
210,200,194
221,212,207
215,210,207
203,200,199
182,178,178
169,165,164
167,162,161
170,165,164
172,166,164
164,157,153
164,155,151
163,155,148
150,136,127
145,128,115
145,129,115
135,117,102
151,136,122
147,130,116
130,109,94
148,130,115
157,138,122
165,146,129
171,154,137
182,163,146
175,154,136
191,176,161
189,170,154
98,71,53
121,100,80
138,121,105
113,96,79
108,90,74
101,83,64
110,87,66
116,92,71
120,96,80
107,81,61
118,88,66
115,83,60
123,91,63
134,101,71
150,119,86
167,131,99
156,122,89
171,137,98
186,146,104
190,151,110
179,144,103
173,124,94
172,132,104
163,123,97
148,106,80
164,117,85
173,123,88
230,214,197
244,237,229
219,208,201
215,207,202
213,207,205
205,200,198
213,207,204
207,200,198
186,180,178
163,157,154
156,150,146
156,151,148
147,140,135
143,134,127
144,134,124
142,131,119
130,112,99
119,96,80
117,95,77
125,103,87
141,124,108
139,121,106
130,110,96
132,113,99
139,118,100
147,127,108
167,151,135
157,137,118
143,122,102
132,111,92
159,135,118
95,68,50
94,65,42
119,94,74
123,100,82
116,92,74
97,74,57
101,76,59
107,84,62
135,110,82
130,101,71
126,101,62
157,140,84
174,152,97
159,142,85
174,147,96
191,154,108
175,141,95
193,159,108
205,162,114
216,171,122
202,162,108
160,115,85
167,128,102
158,119,93
144,103,77
166,117,83
171,118,81
198,167,147
255,249,239
234,225,218
215,206,200
214,206,203
207,201,200
209,206,204
203,198,196
195,190,187
170,163,159
156,147,142
151,141,134
150,138,129
153,139,129
157,142,132
150,133,120
138,116,103
130,108,96
121,100,87
122,99,83
126,105,89
136,117,101
139,122,106
141,125,110
144,127,110
139,120,100
129,108,88
120,95,75
103,80,59
93,70,50
148,123,107
91,64,46
89,61,38
124,99,78
128,103,82
106,82,58
91,76,49
119,113,69
138,145,80
153,142,84
162,129,83
169,143,94
173,163,97
185,162,101
178,152,102
191,162,113
196,156,109
174,145,91
195,171,117
203,164,113
216,167,116
225,176,119
159,114,86
168,129,102
160,121,95
142,103,76
174,124,88
178,121,81
205,177,161
255,255,247
246,239,230
221,213,208
213,204,201
215,208,205
207,198,196
186,174,174
183,171,173
177,166,170
184,172,172
177,164,162
170,157,155
174,161,160
161,147,148
164,149,147
159,146,143
153,141,141
145,133,133
132,120,118
123,110,106
116,105,99
129,113,100
138,119,101
132,113,95
123,100,81
113,88,67
110,83,62
108,80,58
112,83,62
158,134,122
106,81,67
92,62,38
88,61,37
68,44,26
97,83,38
120,130,66
125,142,78
138,157,81
155,145,89
160,125,81
174,143,98
186,163,111
187,159,101
201,162,118
190,156,109
191,152,109
171,145,89
195,166,108
209,166,114
220,171,120
197,152,104
157,113,86
168,130,104
164,124,97
147,108,81
153,111,82
153,103,70
212,188,172
255,255,247
249,241,230
234,227,223
234,225,218
227,210,204
168,154,160
134,124,133
123,113,121
108,101,112
93,90,104
97,96,113
82,78,94
88,86,102
79,79,96
76,74,88
78,76,87
74,71,81
73,70,78
71,68,75
80,75,81
82,76,77
73,63,60
89,74,64
118,96,79
132,108,89
133,107,87
131,102,82
141,114,96
161,144,136
143,139,146
135,134,139
102,94,99
76,60,59
67,53,28
120,130,60
128,151,80
132,152,84
142,161,86
151,140,87
150,121,75
168,135,91
184,158,107
184,151,102
192,159,109
183,151,102
197,158,113
192,165,111
198,167,104
216,172,120
187,145,104
162,124,85
150,109,84
161,124,100
146,111,89
120,87,67
120,86,69
117,78,56
180,156,139
255,255,247
252,249,238
237,227,220
219,202,197
163,148,152
115,107,120
101,94,107
86,82,92
79,76,87
68,67,80
67,67,83
67,66,83
66,63,79
81,81,98
75,75,91
73,72,85
74,70,80
78,72,80
84,78,84
88,85,94
100,96,103
100,93,99
103,96,101
123,116,120
134,128,131
133,127,131
116,110,117
103,99,106
89,88,97
77,79,93
90,93,107
102,101,115
127,128,143
101,101,94
107,139,62
117,147,70
137,158,87
143,162,84
150,143,87
154,127,78
160,133,83
186,163,106
199,163,122
171,141,95
176,146,98
195,156,109
198,167,111
218,176,124
183,144,106
152,115,80
147,109,72
144,106,85
137,105,87
117,89,74
116,86,70
123,91,74
108,75,55
144,117,98
255,255,241
255,254,245
223,207,203
174,158,162
122,110,119
124,112,119
114,104,111
106,97,105
98,90,100
82,76,90
84,81,97
84,83,102
88,86,105
90,90,108
94,89,100
109,103,111
118,111,118
122,114,121
103,100,112
99,99,115
94,94,108
94,93,108
103,106,124
95,97,116
114,112,125
121,118,128
125,122,131
125,124,133
110,114,130
113,119,135
103,105,121
97,101,117
94,99,114
44,38,34
97,83,33
112,131,65
137,151,84
142,159,82
152,147,87
162,133,86
157,134,82
172,152,90
172,149,101
180,141,95
192,146,101
206,165,118
215,174,128
173,136,102
142,107,75
137,100,63
160,121,73
116,85,71
126,98,86
123,92,76
144,104,82
163,119,92
142,98,71
137,100,77
252,249,236
244,240,236
187,172,178
126,118,131
120,112,125
130,121,131
130,122,132
126,118,128
113,107,120
119,115,129
111,108,123
107,106,124
100,100,118
94,93,111
101,97,112
96,94,109
93,91,105
91,89,104
82,83,102
96,97,114
88,87,103
95,96,112
90,91,107
97,95,106
108,102,109
103,98,102
99,95,98
81,79,86
67,69,80
67,70,82
58,58,70
62,66,80
51,53,64
21,17,10
94,53,38
127,86,61
129,114,70
128,140,70
145,146,78
153,131,80
160,149,81
161,158,86
181,133,92
187,130,88
187,126,81
197,148,100
161,127,96
134,98,68
127,89,56
156,121,76
177,141,89
129,94,76
148,115,96
143,107,85
153,111,84
185,135,103
167,118,89
125,79,50
231,214,192
214,207,211
138,130,147
102,94,109
114,105,115
111,104,116
111,104,116
98,93,104
84,82,99
82,83,101
68,68,86
74,76,97
66,67,86
77,75,92
85,84,99
88,87,103
89,88,103
76,75,93
69,70,88
67,68,83
57,58,71
60,63,78
49,52,65
53,54,63
52,52,61
49,49,56
48,48,53
40,40,46
41,41,47
41,41,46
42,42,45
45,46,50
48,39,41
63,35,31
96,52,44
108,56,49
97,51,45
92,56,42
101,71,39
120,86,48
150,118,71
159,137,85
204,150,105
202,143,99
179,123,85
164,108,70
147,102,70
125,87,54
134,109,63
158,132,79
161,135,78
146,106,86
151,116,95
137,103,83
122,89,68
134,99,78
122,87,67
108,66,38
212,184,163
171,166,179
112,107,124
100,94,111
106,100,112
102,97,111
98,92,104
80,76,88
74,74,92
71,73,92
67,67,85
71,75,95
66,68,87
80,81,97
82,83,99
77,79,94
73,73,86
55,56,68
49,50,60
43,42,49
38,35,39
38,36,40
34,32,33
38,36,36
40,37,38
39,37,38
38,37,38
34,33,35
34,34,37
32,31,33
32,31,32
31,32,34
63,41,37
89,46,40
61,33,30
66,36,31
92,49,41
89,47,40
60,30,25
54,24,10
67,31,14
84,46,23
123,75,45
141,89,58
122,77,51
122,75,46
160,105,68
155,110,72
145,122,64
151,131,68
163,140,83
136,99,80
133,100,84
119,88,70
115,81,62
112,83,66
101,73,55
164,140,116
204,190,188
124,117,140
97,91,108
98,91,106
104,97,107
97,88,96
90,84,92
75,72,83
75,73,87
70,68,82
67,66,79
69,69,85
65,64,78
75,73,83
75,73,83
71,69,79
63,61,68
48,47,55
48,47,54
42,40,44
39,36,38
37,35,37
33,31,31
36,32,31
36,33,32
35,33,33
35,33,34
31,30,31
33,32,34
31,29,31
33,32,34
32,32,33
38,23,16
86,44,34
91,48,41
64,34,29
57,30,27
77,41,37
80,43,39
43,22,13
40,18,6
44,20,7
50,23,8
63,31,14
79,43,21
97,58,32
121,78,48
138,89,57
158,115,68
169,143,81
157,131,72
75,53,41
71,51,39
75,53,40
89,54,40
113,55,34
155,104,81
170,158,153
164,155,164
121,119,141
96,92,110
86,81,96
90,84,97
83,79,90
81,77,88
68,66,79
68,67,83
63,62,76
63,62,77
62,62,78
59,58,71
69,67,76
68,66,74
67,65,71
63,60,65
53,50,58
57,56,64
50,47,53
50,47,51
45,43,46
43,39,40
47,41,40
45,39,38
42,38,37
39,37,37
33,32,34
36,36,38
34,32,32
37,36,39
33,32,34
29,17,10
41,21,11
67,34,26
79,41,33
72,38,31
54,30,26
55,30,26
59,32,29
63,39,25
72,48,31
65,41,27
59,34,19
63,37,19
75,46,25
93,59,32
108,68,37
155,111,69
184,140,92
165,127,76
42,29,21
42,29,21
41,28,20
41,29,20
73,42,28
154,127,126
110,104,115
133,127,143
101,97,121
85,82,100
77,76,94
84,82,97
81,80,94
77,77,90
65,65,80
64,66,84
60,60,75
59,60,76
56,59,76
54,55,69
62,63,74
62,62,73
60,61,72
58,58,68
48,49,61
50,52,64
43,42,50
44,43,51
41,40,46
40,38,41
44,39,39
44,39,39
44,40,41
42,40,43
36,36,40
40,39,44
37,35,38
43,41,46
38,36,39
28,16,9
28,15,7
56,28,19
72,36,28
77,40,34
87,45,37
65,34,30
63,33,31
116,79,64
138,109,88
120,100,90
92,68,52
84,55,31
100,68,40
109,75,44
124,86,56
139,100,62
172,128,82
132,89,51
36,24,16
36,24,16
34,23,14
33,20,10
72,53,47
105,103,119
94,89,102
126,119,134
102,98,116
85,82,97
71,70,86
78,76,89
73,71,83
69,68,80
59,59,72
59,59,75
55,55,70
54,55,70
53,54,71
53,52,66
62,61,72
62,62,73
61,61,71
57,57,68
48,48,61
50,51,64
42,40,48
44,44,51
41,40,46
41,40,43
48,44,47
48,45,48
46,45,49
43,43,50
39,40,49
40,42,51
35,36,43
40,42,52
35,33,37
26,14,6
27,15,7
52,26,17
82,41,31
83,42,33
77,40,31
61,30,21
69,35,28
63,33,32
73,41,37
89,60,51
85,59,37
92,62,34
87,58,33
93,63,38
120,85,51
147,114,63
149,115,66
123,88,49
31,21,13
31,21,12
30,20,11
34,21,10
68,52,51
73,72,90
93,89,102
122,117,131
104,99,117
90,86,102
73,73,91
83,83,99
82,82,98
79,80,95
69,71,89
67,71,91
62,64,83
60,62,80
59,63,82
58,59,75
65,66,79
67,69,81
66,68,80
62,64,76
53,55,70
54,57,72
46,46,56
48,49,59
43,43,50
43,41,45
50,46,49
47,46,50
48,46,50
44,44,51
39,41,50
42,44,55
38,38,46
43,46,57
35,33,37
25,14,6
28,15,6
44,22,12
74,37,25
69,34,23
59,30,21
41,22,14
63,31,22
57,30,22
62,32,30
76,37,30
85,50,38
129,99,72
91,63,40
78,52,31
94,64,35
114,82,41
121,95,49
132,102,58
28,19,12
28,19,11
29,20,10
33,20,9
61,49,49
70,71,87
85,81,93
119,115,130
105,102,120
94,90,106
84,81,97
97,92,106
95,91,103
90,87,99
74,74,89
70,72,89
61,61,74
62,62,75
60,60,75
57,57,68
65,63,72
64,63,71
62,61,68
58,58,66
49,50,61
54,56,69
46,46,55
50,50,60
46,46,55
46,44,48
53,49,53
52,49,54
54,53,60
48,50,58
43,45,56
46,49,61
40,41,51
47,50,62
38,36,42
25,14,7
27,15,7
32,17,8
39,20,11
40,20,12
41,21,12
35,19,12
49,26,19
49,25,17
50,26,22
61,29,24
61,28,21
102,70,49
140,111,74
109,81,56
99,69,41
96,63,33
96,67,37
116,83,48
25,17,10
26,18,10
26,18,10
28,18,10
44,34,30
64,63,78
76,73,84
120,116,132
106,102,120
92,88,105
85,82,98
95,90,103
87,84,97
78,76,87
61,61,75
59,61,76
51,51,62
52,52,63
50,51,63
51,50,60
59,57,64
58,56,62
57,55,60
54,53,59
46,46,54
50,50,58
45,43,48
50,48,54
47,45,51
50,46,48
59,53,53
61,56,58
61,58,61
53,51,55
46,46,54
50,51,61
43,42,50
48,48,56
42,40,46
24,15,8
25,15,7
28,16,8
30,16,10
32,17,11
34,18,10
33,18,10
41,22,16
38,20,13
48,25,18
57,27,21
59,29,22
58,27,20
107,78,48
161,143,90
153,116,83
108,77,50
94,66,40
97,66,37
24,17,10
25,17,10
25,18,10
27,19,11
36,23,14
80,75,82
74,73,86
111,110,131
92,90,113
85,84,105
84,84,103
87,86,103
76,77,91
68,69,82
55,56,71
54,57,73
47,48,61
48,50,65
47,50,65
45,46,58
52,53,62
51,52,61
52,52,61
49,50,59
42,43,54
44,46,58
37,37,44
39,39,46
35,34,39
38,36,39
45,43,45
47,45,48
50,48,52
47,47,52
42,42,50
45,46,54
40,39,45
47,44,48
42,40,42
26,16,8
26,14,7
28,16,8
30,17,10
32,18,12
33,18,11
32,17,9
37,20,15
37,20,13
39,22,15
50,25,19
60,29,22
59,29,22
70,39,27
147,125,74
196,154,114
148,113,79
148,116,83
140,111,85
23,16,10
25,18,11
29,20,14
35,20,11
44,20,8
76,50,39
87,80,87
114,117,142
96,97,123
84,84,105
73,72,88
71,70,83
62,61,72
56,56,67
47,47,60
48,49,63
43,43,55
44,45,57
45,46,60
43,44,56
51,52,62
53,54,64
54,55,65
51,52,62
44,46,58
50,52,67
43,44,54
44,45,54
38,38,45
36,35,38
40,38,40
43,42,46
47,47,53
44,45,52
38,40,50
40,43,53
36,37,44
40,41,48
32,32,34
26,15,8
26,14,7
28,16,9
31,17,10
32,18,12
33,18,11
32,17,10
34,19,13
36,19,13
33,19,12
47,23,17
56,27,19
57,28,20
62,31,24
108,76,50
182,143,103
149,122,77
164,137,90
191,159,128
49,36,30
54,41,34
71,51,43
81,50,39
103,69,55
122,85,68
97,69,53
130,131,148
89,91,117
74,74,93
65,66,81
68,69,81
67,68,81
66,68,81
55,58,74
54,58,76
48,51,66
47,50,65
48,52,69
44,46,60
51,53,64
53,56,66
54,55,66
52,53,64
44,46,58
48,52,65
43,45,56
48,51,64
43,44,55
43,42,47
43,41,43
41,41,42
41,40,43
36,37,42
33,34,40
35,35,41
31,31,33
34,34,38
29,27,26
26,14,6
27,14,7
28,15,9
31,17,11
33,18,12
33,18,12
33,18,12
31,18,12
35,19,13
34,19,12
43,21,14
50,24,17
55,27,20
68,36,27
80,47,34
162,121,85
162,131,81
168,137,79
188,146,99
98,74,62
108,85,77
108,83,71
122,87,72
143,106,89
136,103,88
92,62,38
134,117,116
101,105,133
76,78,100
57,57,68
61,59,67
59,59,65
55,54,59
47,46,54
48,49,60
50,51,64
51,51,65
52,55,71
46,48,61
54,54,64
54,55,63
49,48,55
44,44,49
35,35,41
36,37,42
32,32,35
37,38,43
37,39,47
42,41,46
47,45,47
44,43,46
43,42,46
35,36,41
33,34,40
34,34,39
31,31,32
31,30,31
24,20,16
24,13,6
27,14,7
28,15,8
31,17,11
33,18,12
33,18,12
32,17,11
30,17,11
33,18,13
34,19,14
39,19,12
50,23,16
53,25,19
58,30,21
52,27,18
126,92,59
163,130,82
169,147,83
167,135,85
106,79,66
107,85,75
106,82,71
123,88,71
140,102,85
128,94,77
88,58,36
119,89,68
149,146,161
78,83,110
57,57,70
50,49,56
53,53,59
51,50,56
42,42,46
33,33,38
33,33,38
38,39,44
45,47,55
46,48,58
57,57,66
60,59,67
57,56,63
53,52,58
39,39,47
37,37,43
31,30,33
30,30,32
31,32,36
40,40,43
49,47,48
46,43,42
45,42,42
35,33,34
31,31,32
30,29,30
27,26,25
27,24,21
22,14,8
25,13,7
27,14,7
29,15,8
31,17,10
33,18,11
32,18,12
28,15,10
27,16,11
32,17,12
36,20,15
38,19,13
45,20,14
44,20,15
36,17,11
56,33,24
147,112,72
172,139,88
144,129,69
132,115,59
129,95,84
109,85,75
105,81,69
120,89,74
132,96,80
126,90,74
86,58,37
104,71,45
161,140,134
106,109,133
71,71,86
55,55,65
48,48,56
47,48,55
45,45,51
41,42,49
33,33,40
30,31,36
27,27,30
26,25,26
35,34,37
37,38,41
42,43,49
47,47,55
41,43,53
40,43,56
37,40,50
33,35,42
31,33,40
27,27,30
36,36,38
39,38,41
34,32,31
28,27,26
30,30,30
29,28,27
29,25,22
24,17,10
21,13,7
27,15,8
26,14,7
29,15,9
30,17,10
33,18,12
30,16,11
23,13,8
27,16,12
28,16,10
41,23,17
39,20,15
38,17,10
34,16,10
29,13,10
92,63,45
188,144,102
187,147,105
157,131,79
145,120,67
132,93,79
119,91,79
104,80,68
101,74,59
111,83,68
111,83,69
82,56,36
100,68,44
140,103,85
150,142,151
82,83,97
60,59,65
44,43,48
38,37,39
30,29,29
29,28,30
27,25,26
22,21,21
21,19,19
18,15,13
19,16,13
20,17,14
20,18,16
24,23,21
27,25,25
29,28,31
33,34,38
33,33,39
33,35,42
28,29,32
29,29,31
37,37,41
35,33,34
25,23,21
30,31,33
28,29,31
30,21,14
24,13,5
22,13,7
27,15,9
27,15,8
29,15,9
30,16,10
31,17,11
26,14,9
21,13,8
32,18,14
27,15,10
45,25,20
35,18,15
32,14,8
33,15,11
40,25,19
154,119,85
196,155,116
187,144,104
183,143,94
190,148,97
126,87,71
120,91,80
104,80,69
88,65,50
101,76,60
102,76,60
75,49,31
90,56,37
123,97,47
143,127,87
123,120,135
66,65,79
55,54,61
42,43,52
39,39,46
37,36,39
30,28,29
30,29,32
24,23,26
24,23,25
27,26,27
25,24,25
23,22,21
22,21,19
20,18,16
18,16,13
18,15,11
22,20,19
32,33,39
34,34,39
34,32,31
32,30,28
38,38,43
26,25,23
28,29,33
30,28,28
38,21,8
23,13,6
23,13,7
27,15,9
28,15,9
29,15,10
31,16,10
28,15,10
21,12,7
26,15,11
33,19,15
31,17,12
49,28,24
35,18,15
26,11,6
47,31,23
111,110,52
181,150,99
177,141,100
183,144,98
183,138,95
177,135,81
110,80,67
106,85,76
95,76,64
96,72,55
116,84,68
126,90,72
93,64,39
88,60,38
134,124,39
140,144,26
158,168,64
92,97,77
52,52,66
49,50,59
47,49,56
38,38,45
38,39,45
36,35,40
33,32,35
35,34,35
33,32,33
30,31,33
31,30,32
25,24,25
20,19,19
21,19,18
17,15,12
38,33,29
57,51,50
54,58,70
38,38,41
26,24,25
45,47,56
33,31,32
34,34,38
53,39,27
42,25,11
21,11,6
26,14,8
28,16,10
30,16,10
29,15,9
30,16,10
24,13,8
19,11,6
34,19,15
32,18,13
39,22,16
51,28,26
25,14,12
39,25,16
151,122,80
172,152,85
169,139,84
151,111,70
136,93,60
125,81,54
139,87,60
95,69,56
107,84,75
106,83,73
109,82,68
120,89,74
124,90,74
125,109,38
135,126,44
141,153,23
152,178,5
146,177,0
124,158,15
128,128,103
80,78,90
46,48,60
42,44,54
40,42,51
36,37,44
39,39,45
42,41,44
42,40,41
40,38,39
33,32,34
26,26,29
25,25,27
23,22,21
20,17,13
29,24,18
85,61,43
84,68,58
62,49,39
77,67,61
67,71,85
38,41,50
56,53,53
78,55,36
36,20,10
23,13,7
29,16,10
29,16,10
29,16,10
29,16,10
26,14,8
19,11,6
25,15,10
37,20,16
33,18,13
47,26,20
46,27,26
15,8,6
68,48,31
161,119,82
136,99,61
116,77,45
98,62,38
77,50,31
79,51,33
98,64,42
115,85,73
117,91,84
110,84,73
109,79,63
127,94,79
134,103,84
131,138,28
143,156,25
130,153,14
135,162,15
122,158,1
118,154,3
186,178,128
145,123,119
93,78,77
73,70,77
59,60,75
53,53,67
44,45,53
39,39,48
37,36,42
36,35,36
35,33,33
32,30,32
31,29,29
23,19,16
19,15,10
18,13,8
74,55,40
97,74,51
77,60,31
90,73,45
85,82,83
53,57,68
81,69,62
80,56,37
26,14,6
24,13,8
29,16,10
28,15,9
29,16,10
27,15,10
21,12,6
19,12,7
34,19,15
34,19,14
40,22,17
48,26,22
47,27,28
58,31,20
81,48,33
82,49,35
75,46,30
77,50,31
76,50,31
61,38,24
68,43,27
90,60,39
137,104,90
120,95,87
114,88,82
114,88,63
133,130,54
125,122,42
103,112,24
115,133,28
137,166,8
137,168,13
114,147,7
113,140,13
192,180,129
149,124,115
96,71,54
70,44,24
96,97,41
87,93,68
100,97,85
76,76,56
67,70,49
54,54,58
32,32,37
31,30,31
29,25,23
27,24,19
24,20,15
23,18,12
34,27,19
72,56,36
75,54,31
92,67,43
123,104,95
70,57,58
92,71,55
72,50,33
24,13,7
26,15,9
28,16,10
28,15,10
28,15,9
25,14,9
19,11,6
29,17,13
35,20,16
36,20,16
43,24,21
46,25,25
55,33,33
74,42,32
67,37,28
60,35,24
59,35,23
61,38,24
72,51,36
61,41,29
63,41,26
76,50,31
142,106,94
123,92,83
118,99,76
134,140,44
132,157,18
112,128,23
99,109,38
90,115,27
113,154,2
128,164,2
126,157,1
100,130,5
190,180,131
155,127,115
98,72,55
64,38,17
87,96,6
78,90,15
111,113,26
82,93,16
95,101,32
112,104,91
70,76,96
35,35,42
26,24,24
26,24,23
29,26,24
31,26,21
27,22,16
67,50,38
79,55,32
143,118,96
154,139,134
122,101,95
105,80,64
62,40,25
36,20,15
29,16,11
28,16,10
27,15,9
25,14,9
22,13,8
25,15,10
33,19,14
35,20,16
39,22,20
42,23,22
41,24,24
49,29,28
56,30,19
50,26,16
45,24,16
62,43,27
89,76,33
141,109,72
127,94,68
76,53,36
82,56,37
132,102,79
125,93,83
136,142,47
125,161,2
141,162,12
114,136,22
92,108,31
88,115,21
123,154,10
142,175,18
125,163,5
93,126,4
182,169,124
159,132,120
109,84,66
69,42,21
76,82,5
100,116,4
95,102,20
65,74,19
77,76,30
76,76,28
68,81,41
76,81,69
69,69,77
41,40,44
39,39,39
31,30,27
34,25,19
79,55,37
125,100,77
146,128,114
84,63,47
82,62,43
85,63,42
64,44,28
41,25,20
30,17,13
30,17,12
25,14,8
23,13,8
23,13,8
30,17,13
34,20,16
36,20,18
37,22,19
38,22,19
37,22,20
37,21,19
45,24,14
61,39,27
116,95,58
143,126,78
148,133,78
155,125,81
163,125,82
135,102,71
103,74,51
138,134,45
149,133,72
141,157,26
124,146,24
122,156,20
101,137,13
94,127,19
97,124,15
116,145,5
109,145,7
81,108,8
66,83,9
180,163,131
170,146,133
118,92,75
72,43,22
93,97,14
96,117,7
91,94,25
77,80,22
86,96,10
74,75,14
47,57,5
77,79,30
120,102,89
96,89,93
38,36,36
32,23,16
44,24,13
133,104,85
171,149,134
82,63,48
64,40,21
71,46,25
81,53,29
84,58,33
71,49,31
49,31,22
28,15,11
22,11,7
20,11,7
27,15,10
34,19,15
36,21,17
36,21,19
37,21,19
36,21,18
37,22,19
32,19,20
38,22,12
149,116,76
163,142,87
156,145,75
159,139,86
152,126,82
142,115,71
146,120,69
138,109,67
124,127,32
150,159,26
148,170,10
127,157,19
120,150,33
103,139,20
99,136,17
110,140,10
125,153,9
117,145,17
88,111,6
98,113,14
195,181,131
168,144,133
111,85,69
74,45,23
104,110,13
69,89,10
68,73,23
81,83,23
97,113,12
106,107,24
75,78,19
89,83,28
115,90,78
125,100,95
78,56,51
40,19,9
96,77,58
160,140,119
108,89,74
82,62,42
83,57,34
72,48,26
78,54,30
73,53,32
67,48,30
74,51,29
56,37,22
59,39,23
49,31,18
30,17,13
36,20,17
40,23,19
41,23,20
40,22,19
40,22,20
39,21,19
32,18,22
32,21,17
160,128,85
159,147,79
171,155,85
188,162,114
149,124,82
160,127,82
158,122,81
177,136,92
119,124,29
129,153,12
138,171,1
125,164,12
94,128,35
99,117,47
105,129,23
129,161,13
125,154,11
106,132,12
117,142,0
134,155,5
195,184,120
153,127,120
105,80,64
78,48,25
85,86,8
47,55,12
78,67,34
108,81,55
118,96,66
99,71,48
96,69,37
98,75,40
112,83,61
114,86,66
107,78,58
92,61,37
135,105,78
109,87,62
64,50,35
45,34,20
59,43,26
61,41,21
68,46,23
68,49,29
72,51,32
82,57,32
86,58,35
93,61,32
89,59,30
75,51,30
47,28,21
45,26,23
46,26,23
46,26,22
46,27,21
51,41,22
82,70,38
128,100,69
183,141,100
176,149,89
161,151,74
185,148,112
174,133,100
196,152,110
192,147,104
185,146,113
133,142,23
144,164,42
131,160,21
106,149,16
97,129,18
99,125,24
90,116,15
124,157,3
115,143,6
104,133,14
94,120,3
105,127,3
189,176,124
167,139,128
107,81,66
76,46,24
63,57,13
43,48,11
79,66,38
114,79,63
128,91,76
86,60,46
74,51,33
79,59,43
64,48,35
91,69,50
93,69,49
103,81,63
96,74,56
93,71,50
72,57,40
52,35,19
58,39,20
56,38,20
52,35,18
63,40,19
51,34,19
70,48,28
92,64,40
89,57,30
86,57,31
93,66,38
74,49,26
70,44,28
80,55,36
78,54,37
83,62,41
84,69,39
98,79,43
114,87,56
111,81,54
120,91,50
146,115,69
161,123,86
165,125,91
156,114,77
148,113,85
143,113,92
116,138,9
138,169,13
130,156,24
94,117,32
75,94,18
81,114,9
71,101,5
97,130,6
91,121,15
97,134,18
78,104,13
73,96,15
179,169,121
159,131,117
105,80,65
68,42,22
62,50,18
59,58,22
92,74,48
86,64,51
68,47,33
75,55,42
72,52,36
100,77,64
70,60,62
136,113,99
136,112,96
152,135,128
119,95,84
91,65,47
90,66,46
69,51,33
59,39,20
54,36,18
45,31,17
48,32,16
58,36,17
45,30,17
71,51,31
70,49,27
70,48,26
65,43,23
63,46,22
83,71,34
83,68,38
89,76,46
86,70,42
69,55,31
86,64,43
99,74,52
91,66,42
88,62,37
92,63,37
89,61,35
94,63,36
105,69,38
111,75,44
103,69,39
104,132,8
113,152,6
99,130,14
75,91,17
52,74,8
77,114,11
83,124,7
89,126,16
75,104,12
80,109,18
71,98,21
50,67,10
168,155,114
161,133,121
105,79,62
68,41,22
69,54,18
94,74,50
114,84,70
89,68,55
84,63,49
93,72,60
75,55,39
99,74,57
130,114,108
196,175,160
118,94,81
108,83,70
105,76,56
94,69,51
85,58,36
102,75,51
81,60,40
51,35,18
46,31,15
47,32,17
50,34,19
65,47,27
76,52,29
93,69,49
91,72,57
78,59,45
97,103,46
110,129,41
118,128,62
136,134,85
170,150,105
205,184,141
212,185,160
165,139,124
125,102,88
105,80,62
108,83,58
114,91,56
118,98,54
110,87,45
110,75,47
66,40,19
108,145,21
106,138,21
72,93,15
96,115,7
78,104,15
76,114,21
89,128,33
54,83,12
59,82,20
72,93,28
68,93,31
39,58,4
163,148,108
156,126,113
109,80,60
77,48,27
61,47,15
82,68,41
110,82,67
94,73,59
112,83,68
116,86,73
112,85,65
142,111,87
184,159,143
166,145,131
85,59,40
98,70,51
110,80,61
103,76,57
100,71,46
111,80,55
127,97,77
62,47,35
51,34,17
51,36,19
54,40,25
63,47,29
59,42,22
68,44,25
119,98,82
121,104,86
134,132,97
166,157,113
208,190,150
222,200,175
207,183,170
184,161,151
151,132,124
126,103,87
124,98,74
133,113,74
133,119,63
119,109,47
137,118,60
142,118,64
97,67,38
63,41,19
96,129,29
94,117,34
69,92,18
101,117,22
81,110,16
67,102,27
64,93,31
38,59,10
52,70,20
53,68,23
45,63,14
38,59,2
158,144,103
154,125,112
106,79,61
79,51,30
61,44,18
70,61,30
104,80,61
94,71,57
102,72,58
147,115,97
170,139,112
156,133,118
147,127,119
132,110,92
91,64,45
100,73,54
109,80,59
147,112,82
116,87,64
107,75,48
122,97,80
58,44,33
87,58,38
114,86,64
58,43,27
55,35,16
60,40,20
56,38,18
91,68,48
210,192,163
230,210,184
220,198,184
197,178,172
175,159,157
157,140,134
139,117,100
135,109,80
150,122,86
176,146,120
161,135,92
130,121,68
92,90,36
151,121,76
160,133,77
148,122,68
129,107,50
79,110,19
70,96,27
65,87,23
71,84,23
61,86,15
52,82,21
47,73,18
47,73,17
54,82,21
48,64,13
42,56,6
54,57,13
141,118,86
149,120,104
114,86,68
81,52,31
55,40,12
66,62,28
101,81,66
79,60,48
105,80,65
180,149,126
142,112,83
136,112,95
115,95,84
103,80,61
88,56,35
113,83,61
142,107,75
92,64,40
77,52,32
90,55,28
119,96,79
54,40,28
85,58,33
153,118,91
145,124,99
89,71,54
56,37,19
59,40,20
161,142,126
229,214,200
186,167,160
174,154,145
158,140,117
139,129,92
125,108,65
138,109,74
154,129,85
182,146,108
174,145,110
158,143,91
136,137,60
89,97,34
167,129,85
185,147,91
157,132,74
145,111,65
65,90,15
63,88,17
60,86,13
57,78,18
83,95,41
58,95,21
52,81,15
52,74,20
75,114,30
58,90,14
46,64,7
82,76,35
111,83,65
138,110,93
120,91,72
83,53,32
67,47,25
88,76,52
110,98,72
96,73,60
148,114,99
163,134,114
117,87,60
140,112,87
135,112,95
72,52,33
59,37,19
78,48,26
91,62,37
68,45,27
52,29,11
58,26,5
96,72,54
62,45,32
125,106,75
213,191,165
240,224,201
224,202,187
161,142,133
155,136,125
202,180,164
163,140,124
125,107,90
118,109,81
112,118,64
103,107,50
106,93,45
139,117,76
167,147,104
181,148,106
178,143,100
173,155,101
135,145,62
111,110,47
183,139,101
171,141,88
137,125,64
158,125,80
44,75,14
63,81,14
69,84,17
56,62,25
54,58,23
58,90,18
62,96,18
49,76,14
52,85,18
47,72,17
46,69,10
89,86,41
106,77,60
133,105,89
116,89,71
83,54,33
71,53,28
97,93,59
99,86,62
108,81,65
177,143,120
177,144,118
148,117,89
166,133,106
123,99,80
63,41,22
61,40,23
53,32,15
65,39,19
74,48,28
108,80,56
169,144,117
189,163,140
186,166,151
178,162,141
192,171,154
193,168,157
183,157,142
180,155,133
151,127,107
123,103,83
99,85,68
78,65,50
83,72,54
108,105,72
122,124,74
117,100,57
136,106,70
175,144,105
177,141,100
175,143,97
169,152,96
146,144,78
121,123,60
174,145,99
163,127,85
162,133,84
151,124,70
47,75,12
51,76,15
60,76,22
56,60,20
52,61,20
64,88,18
54,74,14
60,89,17
61,93,19
45,75,18
44,68,14
93,86,42
98,70,53
130,104,90
114,89,73
81,53,33
77,56,28
114,96,69
140,112,89
167,134,107
186,155,125
164,132,103
134,100,71
174,144,118
84,63,44
48,33,20
81,59,43
140,110,87
170,138,113
197,167,142
224,200,177
218,196,178
186,161,146
170,146,136
160,138,115
133,106,78
157,126,101
149,123,96
135,112,84
115,93,74
101,87,72
100,87,69
107,90,71
96,81,60
99,91,61
126,125,82
136,114,78
144,113,81
157,129,93
190,152,113
175,144,100
162,143,82
160,145,76
141,150,65
149,143,72
156,115,71
163,126,82
168,138,86
58,97,17
50,71,13
63,80,18
66,93,25
57,75,17
59,83,11
46,69,12
49,74,14
49,65,14
57,78,23
47,73,11
87,91,41
101,75,59
153,128,114
140,113,95
133,105,82
169,140,114
180,151,124
162,131,105
126,97,74
134,107,83
168,137,108
137,106,82
129,105,85
95,73,56
173,146,127
214,183,159
234,207,187
205,182,169
175,150,137
156,130,115
146,118,100
136,104,84
103,71,50
124,94,63
127,98,67
154,126,97
146,123,96
131,110,88
118,97,77
115,96,83
117,97,84
135,115,91
115,104,70
103,107,65
114,121,71
131,102,65
149,114,78
165,152,98
186,155,103
171,138,97
175,141,94
171,150,96
144,151,60
103,101,28
121,97,51
134,113,58
139,120,65
56,96,21
59,80,18
62,88,21
60,87,18
51,73,10
45,68,9
47,67,7
45,70,8
35,54,7
46,66,17
53,79,20
62,84,23
147,130,90
200,167,141
185,153,124
159,132,108
138,112,91
116,91,70
107,82,65
128,101,81
141,111,84
103,79,59
128,105,90
131,102,76
145,121,105
158,138,128
140,117,104
160,134,119
151,125,109
119,92,74
106,74,49
99,69,45
115,81,60
101,66,42
129,96,70
117,91,61
140,114,90
126,104,81
125,106,91
123,105,90
115,98,83
119,101,88
124,102,89
111,104,73
105,122,67
114,123,69
136,108,67
146,116,75
174,163,98
180,144,98
164,135,90
153,135,83
166,150,97
170,151,94
148,132,86
132,106,64
156,133,72
164,132,79
50,77,14
48,69,17
61,93,19
54,81,15
49,78,10
56,85,11
46,69,7
45,65,7
36,51,7
38,60,10
46,67,17
142,133,86
180,149,117
125,101,77
86,64,45
74,47,27
47,28,11
62,44,30
111,87,66
130,104,84
108,84,66
124,105,94
143,120,101
104,73,49
85,53,30
69,45,31
44,31,21
106,78,63
110,82,66
94,71,56
95,67,43
105,78,54
115,83,62
121,82,54
146,110,85
120,96,64
137,107,84
118,101,73
124,113,89
121,107,91
105,94,74
104,90,71
120,100,83
121,105,84
110,110,75
114,119,66
129,102,59
144,127,86
163,156,99
165,145,90
158,142,89
144,153,86
138,145,73
155,127,83
180,140,101
160,131,83
178,148,94
189,145,104
51,80,14
50,83,11
68,91,17
59,75,11
49,63,11
48,69,10
46,69,10
43,64,8
40,52,10
37,54,10
41,56,7
123,117,71
98,82,69
94,78,70
85,66,54
66,42,24
43,23,9
81,58,38
112,84,63
132,107,94
133,112,102
145,124,111
116,89,68
119,89,68
114,82,62
114,86,72
47,36,31
85,63,49
113,89,77
99,75,60
95,65,41
111,78,52
121,83,59
116,75,46
139,100,71
118,94,60
124,104,78
117,105,74
120,116,77
109,104,80
102,96,71
97,86,65
103,86,69
106,91,73
107,95,74
107,107,61
106,91,48
137,112,76
157,132,89
175,145,93
161,149,89
149,156,81
137,142,64
141,122,73
168,132,91
164,132,85
176,139,93
190,144,104
59,80,12
53,75,10
54,67,11
55,71,10
41,49,8
41,55,5
49,67,8
42,65,10
40,63,12
40,57,7
41,56,5
67,77,28
90,77,64
129,109,99
120,97,84
78,55,38
55,30,13
92,71,43
109,95,59
103,90,60
110,88,73
139,117,104
89,65,46
92,69,51
108,86,75
129,105,96
94,73,61
103,81,69
121,94,81
93,68,50
97,64,39
119,83,57
121,83,61
94,56,32
125,87,57
115,89,58
120,107,73
96,102,56
103,108,67
101,99,73
98,95,67
98,94,67
92,87,62
86,80,56
105,97,71
116,112,68
120,108,62
133,127,77
148,138,79
159,126,82
166,135,91
155,150,84
168,153,90
140,129,73
160,138,86
150,123,75
183,142,94
190,144,104
63,76,18
48,55,13
49,57,13
52,65,9
45,56,8
44,60,6
43,60,7
50,79,15
59,95,22
48,68,11
47,66,8
56,64,21
100,80,64
138,113,98
127,103,88
89,63,45
62,41,17
89,88,39
87,88,35
86,78,37
130,111,95
124,102,83
74,53,37
98,71,54
114,91,79
120,100,91
107,84,69
113,90,75
129,98,85
111,81,66
103,72,49
122,88,63
118,79,56
89,53,31
122,89,60
118,87,59
129,104,79
113,118,75
96,106,65
94,93,62
97,98,61
88,94,55
78,86,48
74,76,46
101,103,62
123,127,61
131,112,63
131,118,71
140,135,74
164,131,83
171,140,91
159,158,84
142,143,67
109,104,43
124,109,53
120,105,53
172,136,93
180,144,106
50,56,15
52,53,18
60,66,20
56,69,11
48,61,8
55,81,11
45,60,10
56,74,18
58,80,21
45,66,12
49,68,12
62,62,26
99,79,62
134,108,93
131,105,88
97,68,47
59,38,14
82,80,30
80,87,29
90,77,47
135,114,96
76,57,41
75,55,40
91,66,49
112,88,76
111,91,80
98,77,62
111,85,70
135,104,90
126,95,80
107,77,52
123,88,63
125,84,59
121,77,52
136,100,74
119,84,59
129,91,76
120,107,80
102,109,70
99,97,62
106,101,65
100,96,63
91,91,59
97,96,61
112,115,57
122,125,44
120,109,44
125,101,61
148,135,86
164,135,90
164,147,91
155,154,80
137,148,60
109,98,49
122,105,65
135,109,67
174,140,92
140,121,72
49,59,15
55,58,20
57,66,19
55,70,14
51,66,14
61,96,19
46,55,14
54,63,20
49,74,16
49,65,7
51,59,15
68,67,32
104,85,69
142,115,98
125,97,79
96,65,42
64,38,17
81,71,35
87,76,41
121,106,80
110,88,66
73,57,44
84,65,50
95,74,54
105,82,68
109,88,79
105,83,70
114,89,74
122,93,78
104,79,62
102,74,50
123,89,64
130,93,71
116,75,49
122,89,57
124,88,65
135,98,81
122,101,76
105,105,68
98,97,63
102,96,67
103,89,63
100,93,63
94,97,55
91,97,36
100,103,37
129,123,65
115,119,64
143,133,82
170,135,99
163,130,86
151,146,74
142,155,66
124,113,57
153,118,85
148,124,73
200,159,110
171,143,95
50,59,17
49,66,13
58,78,12
47,58,13
57,70,15
54,75,14
48,58,13
53,64,14
66,90,18
68,85,9
63,69,11
62,68,22
109,95,70
158,128,110
129,102,86
97,65,42
67,42,17
67,67,26
102,87,63
144,120,98
99,80,55
90,77,53
78,68,40
87,71,45
109,84,69
110,87,76
112,88,75
124,95,79
129,101,86
112,84,66
105,75,51
116,82,56
124,86,62
97,61,35
107,78,45
121,84,62
132,102,80
126,118,81
103,111,63
99,101,63
98,91,62
100,89,65
93,86,61
89,94,57
98,119,48
104,120,51
99,96,46
116,114,60
128,134,76
166,131,95
148,128,75
120,141,51
118,131,47
125,112,56
158,121,84
163,131,85
201,163,108
164,137,83
53,63,17
51,70,14
52,64,16
48,54,17
51,61,17
51,73,16
46,56,13
55,66,22
53,68,17
48,74,12
61,78,7
69,89,19
84,89,49
179,151,130
133,105,88
106,73,49
68,42,17
62,65,23
136,125,98
104,86,57
82,75,41
84,76,46
80,60,41
83,59,42
112,84,70
94,78,60
97,80,57
114,85,63
129,96,79
119,84,64
97,66,40
112,78,49
116,78,54
97,68,38
94,67,39
116,82,62
130,104,81
116,124,68
101,120,57
116,118,69
111,100,67
104,93,72
102,90,72
104,103,62
117,135,50
108,129,47
98,98,44
128,113,58
119,132,61
153,122,83
131,127,64
101,125,40
130,139,64
129,118,61
154,124,81
158,125,81
171,140,83
145,130,70
45,52,15
50,68,15
53,67,20
50,62,15
44,56,11
49,74,14
38,52,10
41,61,17
57,69,18
59,74,19
48,61,14
52,75,19
66,99,30
197,176,142
131,102,84
91,62,40
60,35,11
108,100,68
116,98,66
70,58,36
66,51,38
67,50,36
81,57,41
81,64,43
99,84,60
105,90,71
114,90,75
109,80,59
119,86,68
116,81,61
87,58,35
98,67,42
107,76,52
103,77,42
101,69,45
113,80,60
125,99,74
112,129,69
96,120,55
113,114,67
115,102,70
100,92,68
106,98,80
102,110,54
96,113,27
91,102,33
95,94,43
114,110,54
117,117,59
168,132,95
149,137,79
90,115,38
142,146,68
150,138,83
157,131,80
136,115,57
145,122,67
143,120,66
49,62,15
49,73,12
47,66,11
51,59,17
50,62,16
41,61,9
32,55,6
36,56,15
59,64,20
63,64,15
55,66,15
49,72,21
60,87,23
189,165,132
127,96,76
79,52,31
97,68,48
118,100,70
62,53,16
83,63,46
91,69,52
86,69,47
80,65,38
84,70,43
99,84,63
119,97,87
117,90,78
111,84,68
105,80,63
97,71,52
77,53,33
87,60,37
106,79,50
96,69,39
112,77,55
115,83,59
116,102,64
99,121,60
85,105,49
105,100,63
117,101,73
102,93,68
105,95,73
101,109,48
102,115,41
92,101,32
91,100,39
119,110,64
128,118,69
166,134,92
176,140,100
140,134,72
127,126,52
148,118,77
170,137,99
148,123,79
157,121,82
169,133,98
53,59,16
42,58,12
42,55,7
56,67,15
48,67,13
39,69,11
32,54,6
41,57,10
67,71,16
70,62,23
55,67,15
41,70,10
73,76,30
167,142,115
113,85,67
94,66,46
137,111,86
61,68,18
78,67,28
106,81,56
120,93,77
110,86,66
83,63,42
86,62,43
105,82,67
115,93,81
109,85,72
103,81,65
104,81,64
92,68,51
76,53,33
93,65,41
101,77,43
77,49,27
100,67,45
115,80,58
119,102,64
98,122,57
92,107,58
110,99,66
115,99,70
103,96,70
98,92,65
112,115,68
121,141,50
111,127,35
96,93,31
122,113,70
147,148,88
181,148,98
170,139,93
168,151,94
153,144,84
156,130,93
144,119,73
174,152,103
164,129,93
140,111,70
53,60,12
50,65,11
53,68,6
61,72,9
51,75,16
36,64,10
33,59,7
38,67,10
56,60,18
77,59,32
57,64,19
48,77,13
87,85,43
163,139,113
101,74,60
139,109,89
97,72,40
40,61,4
89,86,23
99,82,44
109,80,60
104,79,60
81,60,43
75,54,38
100,79,66
114,97,89
107,89,76
101,78,61
106,79,63
93,67,50
81,54,33
107,79,45
97,69,42
74,46,26
88,59,37
110,78,55
122,95,69
101,108,58
95,105,60
114,102,69
118,100,74
105,98,68
91,89,52
114,129,52
121,144,44
110,122,42
120,105,50
136,121,76
154,137,90
179,143,100
153,139,79
148,152,66
156,149,76
128,116,69
84,85,36
190,172,111
195,167,110
157,139,76
62,87,10
52,76,11
57,63,14
55,67,12
58,73,19
51,71,18
32,62,8
41,72,11
62,62,20
74,61,30
73,65,26
49,68,15
84,92,40
157,130,108
135,111,95
134,101,78
66,42,11
54,65,16
80,71,36
79,69,40
80,64,38
83,63,39
106,78,57
119,83,54
136,93,64
142,102,76
134,93,67
124,83,54
123,86,59
104,75,54
91,66,39
93,70,37
97,66,44
88,57,35
104,70,47
116,86,61
118,98,67
109,109,65
102,102,63
116,99,71
122,99,77
111,97,75
95,97,51
115,142,56
119,139,67
115,120,56
126,111,61
124,101,59
160,127,90
163,136,92
147,139,81
134,138,57
139,128,61
127,115,70
105,102,50
214,183,114
239,203,125
242,212,133
52,72,16
53,68,14
68,61,29
59,55,27
59,59,20
58,66,19
40,63,11
38,66,11
56,69,18
69,76,29
65,72,22
65,60,15
95,102,43
179,152,128
145,112,87
95,62,38
65,42,13
105,105,58
164,135,108
178,136,102
145,95,60
132,81,45
139,84,45
126,73,37
109,58,27
96,47,18
95,45,15
110,57,22
124,71,33
134,82,41
155,108,62
145,106,67
132,96,67
102,68,43
114,78,54
115,81,56
120,97,63
126,116,78
111,101,67
116,99,71
108,93,66
101,97,69
97,114,60
97,129,45
108,133,56
121,126,59
99,99,43
109,96,57
167,147,101
184,159,109
162,133,88
153,128,82
147,132,71
151,127,69
175,153,90
243,199,127
229,179,103
169,142,82
53,73,18
66,64,26
72,63,30
58,60,25
51,66,15
53,71,18
46,69,15
38,61,11
42,64,10
49,70,13
83,91,41
132,112,79
175,162,122
190,161,135
183,148,120
189,161,136
192,167,141
213,185,161
192,160,139
152,114,87
101,64,37
87,51,24
89,49,22
89,47,20
90,49,21
80,40,15
73,33,10
82,38,11
102,53,21
131,76,36
160,102,57
179,123,76
172,120,75
151,104,65
136,95,65
122,84,59
129,98,72
133,118,86
118,106,74
112,97,68
88,81,54
81,85,53
84,96,47
83,105,40
116,135,69
119,131,66
102,108,53
119,103,68
155,137,86
179,146,96
175,133,92
180,144,105
147,137,70
129,113,54
207,176,107
221,172,105
213,165,95
204,161,90
41,69,9
53,56,15
55,57,21
51,70,13
53,80,14
45,77,13
41,69,14
35,62,11
51,60,16
137,117,80
230,200,174
255,249,224
229,212,191
199,174,151
253,242,221
246,226,205
221,198,180
201,175,159
162,134,113
140,109,86
134,100,73
113,79,50
104,69,40
109,69,37
124,77,37
143,91,47
146,94,51
145,92,51
150,96,55
157,100,56
164,107,63
155,98,57
148,92,52
156,101,60
169,116,75
162,112,75
147,104,73
129,111,77
115,112,75
105,91,68
81,73,52
75,79,46
74,85,41
76,86,43
114,124,73
116,133,68
108,126,55
134,133,75
155,139,86
146,116,74
162,133,84
162,143,94
160,150,92
204,174,115
228,183,116
201,151,91
207,160,90
195,156,85
36,66,11
49,66,20
52,52,19
42,60,11
59,69,23
53,72,17
48,55,17
46,58,17
132,121,86
213,182,162
252,231,206
255,252,227
189,170,154
237,222,200
254,236,216
248,227,209
241,219,198
223,196,170
170,141,112
164,135,107
162,131,100
146,114,84
127,94,65
120,85,55
115,78,45
117,78,43
118,78,43
132,90,52
150,107,69
152,109,74
142,100,66
128,86,54
123,82,51
143,101,68
154,112,77
168,120,80
169,122,83
159,113,77
153,119,83
120,96,70
78,69,45
70,73,40
74,87,44
81,91,45
98,111,49
111,129,59
106,125,57
126,123,66
145,134,80
150,125,77
157,141,77
193,175,107
233,200,132
221,172,105
182,132,79
189,142,85
212,170,96
170,139,87
40,76,18
42,67,15
55,63,21
63,58,25
72,57,30
48,51,15
40,48,8
75,98,48
186,168,152
210,185,169
246,222,200
255,243,219
253,246,223
254,236,213
255,241,218
255,248,225
242,224,199
185,165,148
139,121,107
132,112,98
129,106,88
124,100,82
117,90,69
100,75,52
96,67,41
95,67,41
91,63,38
101,72,46
113,81,55
119,86,60
107,75,48
109,76,49
106,74,49
104,71,45
100,69,44
110,79,54
128,95,71
153,116,84
172,131,92
154,113,80
145,112,80
113,103,66
73,78,38
80,88,50
98,111,50
112,122,49
109,132,30
122,140,63
147,146,95
210,176,124
217,177,112
205,156,95
153,99,51
126,79,39
178,132,78
215,164,90
194,157,86
149,115,75
44,81,19
50,78,14
57,69,22
69,56,33
72,61,29
57,66,20
34,62,8
83,100,57
201,183,171
200,179,165
240,217,196
255,242,216
251,229,207
254,235,213
255,253,231
246,238,220
203,189,175
172,160,148
152,138,128
143,127,117
133,117,107
131,113,101
119,97,83
104,81,61
91,66,43
85,59,34
101,71,46
117,86,62
109,80,57
102,75,51
103,74,50
105,74,47
102,71,45
87,57,33
81,51,26
98,70,44
119,90,69
141,115,94
156,129,102
172,139,108
184,146,113
177,139,105
151,119,88
137,121,92
131,130,82
117,114,48
105,125,35
162,171,99
232,215,155
202,159,103
134,85,43
107,63,29
108,66,32
157,110,58
194,140,75
189,143,84
180,145,84
150,123,69
52,65,14
64,62,20
56,64,16
58,55,24
58,68,24
47,76,15
35,68,8
92,101,54
213,191,176
219,198,181
251,232,208
251,229,206
254,232,209
255,245,223
245,237,221
223,211,200
193,183,171
189,176,164
182,167,155
161,145,132
154,137,126
154,138,125
156,137,121
144,121,104
121,94,74
95,70,47
92,64,43
83,56,35
86,56,34
97,68,42
106,74,46
100,67,39
82,50,25
78,46,22
86,49,21
101,66,37
110,77,52
124,95,72
132,109,88
141,120,100
149,127,107
156,131,111
168,140,117
183,152,124
188,154,121
165,130,88
210,192,143
242,217,165
173,137,96
104,71,39
100,64,32
110,77,35
120,102,44
142,116,53
170,132,80
185,148,99
182,148,98
153,127,79
65,64,17
68,59,26
64,66,20
55,57,20
56,74,18
42,69,13
31,46,5
96,93,52
233,208,189
246,227,205
250,226,202
251,228,204
255,242,218
236,221,203
214,193,180
211,195,183
202,186,173
206,189,175
195,178,166
169,151,137
169,150,136
160,140,126
149,130,116
134,111,94
118,93,74
112,86,67
101,75,54
87,61,42
87,58,37
88,57,32
84,51,24
84,48,21
75,41,15
69,35,10
73,36,11
74,39,15
83,58,25
82,57,26
89,59,30
100,71,45
111,83,58
123,97,76
143,120,101
177,151,127
209,180,141
218,191,145
191,160,119
145,110,74
110,80,47
101,69,36
126,87,51
152,123,76
131,129,64
142,122,72
154,120,79
141,104,73
117,83,55
114,84,53
70,58,27
69,65,22
70,61,29
67,69,29
52,82,16
38,69,12
27,43,4
98,106,72
253,238,214
254,235,209
252,230,204
252,238,212
242,229,208
219,203,186
215,201,186
199,189,176
189,181,173
177,169,162
160,154,149
156,147,141
152,141,133
137,123,109
132,115,96
110,90,69
105,83,62
110,87,66
109,86,63
129,104,81
135,107,84
111,81,56
99,67,40
94,60,35
75,44,22
48,24,10
62,33,16
78,44,24
98,83,43
107,117,62
113,115,71
133,123,95
146,128,108
159,139,120
157,139,118
140,120,99
140,109,83
136,98,67
116,80,47
101,66,33
97,62,32
91,59,32
83,54,33
101,71,49
128,96,72
112,82,59
106,76,53
86,61,46
67,48,33
74,54,38
70,56,29
66,61,18
66,65,24
53,69,21
44,70,15
31,54,13
22,43,4
120,136,100
255,254,229
255,239,208
241,226,195
208,188,168
180,165,151
162,154,147
153,147,143
131,129,129
126,123,123
111,107,107
114,111,112
119,115,116
109,103,100
100,91,85
96,86,78
79,67,53
75,62,46
77,65,47
84,73,58
89,76,61
94,79,62
84,68,51
88,69,50
95,75,54
116,96,77
118,101,85
127,110,96
132,117,104
127,111,96
114,101,82
123,107,87
145,127,110
136,119,100
119,102,78
92,82,55
82,74,48
110,98,65
126,108,74
123,98,69
146,115,88
170,134,100
132,103,74
106,80,57
92,69,48
98,76,56
114,91,71
125,100,79
123,98,78
120,96,76
115,92,73
67,51,32
77,66,37
68,69,33
57,79,25
46,70,16
32,56,14
32,61,12
181,189,156
255,255,228
250,233,203
201,184,170
173,164,159
138,136,134
133,131,131
120,120,122
116,116,118
105,104,106
100,98,99
107,105,103
100,96,91
87,80,70
82,74,61
75,65,51
75,64,49
72,60,44
74,61,45
78,63,47
78,63,45
90,75,57
93,75,55
92,73,50
99,80,58
113,95,76
129,111,93
125,107,89
119,93,74
106,75,53
94,65,44
120,86,59
160,121,91
182,144,117
188,152,123
181,152,127
166,144,117
194,173,133
193,172,133
153,130,100
117,92,68
73,52,33
51,37,21
46,33,19
52,38,22
54,39,26
71,54,38
90,72,56
97,79,62
106,86,68
98,80,63
84,71,47
81,68,38
75,65,37
59,74,26
44,74,19
34,58,12
42,68,22
208,202,174
236,215,186
220,203,185
165,159,158
129,127,129
126,127,131
118,120,119
104,103,102
86,85,83
99,97,94
102,97,91
105,99,91
102,94,84
99,91,80
101,93,84
108,100,92
115,103,94
102,86,73
77,61,45
77,58,41
78,58,40
81,60,41
88,64,43
106,76,50
129,93,65
142,102,72
168,128,95
188,148,114
193,151,113
197,153,112
218,178,141
224,189,157
225,192,163
232,200,173
235,204,176
232,203,176
219,191,164
174,146,124
92,73,60
64,51,34
38,25,10
46,33,19
56,42,27
57,42,26
67,51,33
84,69,43
127,100,68
142,113,82
119,111,54
132,128,58
137,118,68
94,78,50
78,68,39
72,64,35
66,67,36
57,66,28
47,67,22
65,95,37
204,192,171
167,158,154
182,173,170
158,153,153
132,130,129
122,120,118
102,102,99
90,86,86
116,117,118
145,146,143
141,140,132
142,140,132
135,129,122
128,122,115
132,126,121
129,122,115
119,105,94
102,82,66
84,66,48
81,63,44
82,63,44
89,70,51
100,80,63
98,77,59
108,83,64
115,88,68
124,94,73
125,92,65
138,101,71
174,136,103
200,166,136
197,170,145
181,162,144
172,155,137
168,152,135
149,137,124
121,107,95
108,92,77
93,78,62
78,61,42
85,64,41
123,100,77
110,88,65
107,79,56
140,110,78
139,121,66
164,135,84
155,129,84
123,123,54
115,137,45
150,132,77
84,72,47
75,73,37
71,84,38
71,74,35
63,71,22
51,69,20
66,90,42
216,213,202
164,163,166
140,137,140
149,146,145
138,136,136
127,128,131
141,147,154
151,161,170
178,187,190
144,146,143
133,131,123
129,122,115
123,114,108
119,111,106
122,113,108
114,102,94
98,82,67
86,67,49
82,62,43
80,60,41
88,68,49
92,73,54
102,82,65
102,82,65
102,81,62
104,82,64
101,79,58
101,78,55
109,83,61
134,109,89
132,112,94
122,105,90
114,102,90
117,106,95
109,96,83
91,74,59
76,58,41
79,59,37
82,60,37
79,56,36
101,76,54
123,96,74
121,94,73
113,82,59
118,87,66
115,83,63
130,96,72
145,113,83
145,118,83
127,101,67
107,79,53
82,62,41
72,85,29
59,96,26
64,88,29
62,95,20
41,76,8
95,117,69
242,236,227
179,179,181
138,137,141
132,131,134
139,138,140
150,151,154
169,171,173
164,169,173
154,160,165
120,120,118
102,98,91
98,91,85
98,91,86
98,89,83
96,85,76
84,71,56
82,65,48
84,66,47
72,54,36
68,51,33
81,63,44
86,69,49
88,71,51
94,77,58
96,77,57
92,73,52
86,65,42
97,75,52
110,87,67
113,93,74
101,83,64
96,79,59
84,68,49
84,66,45
73,53,31
59,39,21
72,51,30
88,68,43
95,75,56
103,82,68
103,83,68
102,82,66
98,77,58
91,70,50
96,76,57
98,76,60
99,77,62
104,81,66
92,67,53
75,53,41
61,43,34
83,76,40
60,85,23
49,82,20
50,80,22
47,77,16
29,65,4
86,105,57
232,226,213
185,185,187
147,148,153
136,135,139
133,133,137
141,142,146
159,161,165
170,171,172
157,158,160
118,116,116
95,90,82
88,82,73
84,78,68
80,72,60
73,62,48
68,54,37
73,56,39
74,57,39
65,48,31
71,52,32
72,54,34
74,58,36
82,66,44
89,71,50
88,70,48
84,66,44
82,63,42
89,69,47
100,80,57
95,76,54
85,67,45
86,66,44
83,63,40
79,57,35
72,49,27
81,51,26
64,44,30
82,80,47
104,115,59
94,98,58
117,101,79
120,101,90
119,101,90
112,93,80
103,84,69
112,89,67
138,111,84
150,124,97
132,108,82
140,121,81
140,116,84
80,86,34
48,80,17
48,73,22
40,72,14
44,65,20
84,102,53
148,152,109
243,235,214
185,183,185
150,151,157
136,137,142
132,133,137
138,140,145
148,151,156
157,160,164
146,147,148
134,131,132
102,95,90
84,75,65
82,73,60
86,74,59
82,67,50
72,55,37
73,55,35
75,54,33
81,61,37
90,70,46
92,73,51
91,74,51
96,79,57
93,75,52
93,75,52
93,75,53
85,67,45
84,64,43
92,71,47
96,73,49
98,73,50
87,62,40
71,46,27
65,41,24
66,42,23
62,34,14
74,51,26
93,90,46
105,129,45
96,114,52
135,124,81
127,124,73
146,134,96
150,128,95
150,124,87
161,142,92
173,142,97
159,127,88
145,137,78
142,138,71
154,136,77
66,77,32
53,75,23
57,71,25
60,78,27
177,169,141
207,185,166
234,206,183
247,234,217
180,177,178
144,145,151
140,141,148
134,135,140
141,142,147
145,148,153
149,152,156
139,141,144
124,121,123
98,91,88
74,66,58
67,57,45
74,59,44
77,58,40
71,52,34
72,52,32
74,52,29
84,60,35
89,67,42
96,75,52
103,81,58
101,80,57
96,75,52
95,73,49
101,78,55
96,73,51
88,63,41
84,58,36
70,45,25
45,25,11
38,16,2
44,23,9
53,32,16
69,44,24
77,50,27
88,66,35
102,91,51
114,123,47
118,132,63
138,131,82
110,124,55
127,130,71
144,137,78
156,136,80
160,148,88
146,134,77
139,127,71
147,125,75
152,126,81
165,138,89
58,55,36
67,60,39
65,67,30
145,145,108
210,191,181
147,135,127
177,160,145
235,224,211
178,174,175
145,144,146
143,143,147
141,141,145
145,146,149
147,151,155
147,150,152
142,144,145
114,111,110
86,80,76
73,67,60
69,59,47
68,52,35
62,43,26
59,39,23
55,35,19
61,38,19
71,46,23
74,49,27
81,56,34
79,56,33
85,61,37
87,63,39
85,61,36
82,59,35
81,57,34
77,55,32
64,41,21
37,19,5
32,15,2
37,16,2
36,16,3
29,13,3
26,11,2
34,17,5
38,17,3
34,16,3
39,23,4
82,60,28
119,128,68
111,128,63
131,137,79
152,143,88
160,142,91
152,132,75
138,133,65
142,137,81
168,135,95
148,130,66
151,130,73
57,84,32
76,78,52
61,61,42
167,158,139
175,167,164
100,93,91
132,128,123
199,194,187
202,195,192
147,141,141
137,136,136
136,136,137
133,132,133
147,149,150
146,149,150
142,144,144
114,111,110
84,79,77
64,59,53
65,56,44
75,59,42
71,53,34
66,46,26
63,41,22
55,33,16
67,41,22
73,46,23
78,49,26
79,49,26
85,56,32
82,55,31
73,50,29
76,56,36
80,61,42
79,57,34
48,28,10
38,20,5
38,18,4
35,15,2
38,16,3
33,14,2
30,13,2
23,11,1
26,12,2
22,10,2
35,16,6
81,84,33
113,121,53
152,127,82
151,119,91
144,109,83
144,109,84
138,103,77
145,110,77
137,105,71
119,88,58
88,60,34
73,47,24
53,86,23
57,71,30
42,74,18
119,128,91
149,147,152
89,84,81
121,119,113
163,163,159
201,193,188
134,130,132
125,122,122
129,128,126
129,130,128
131,131,131
141,142,142
135,134,132
125,121,118
98,92,88
75,69,62
71,60,48
70,56,43
84,66,49
86,66,47
79,57,38
65,43,27
59,36,19
56,32,14
62,36,15
65,38,17
64,40,19
56,36,18
56,38,20
73,55,35
82,63,44
58,38,20
44,23,7
50,27,9
47,23,6
36,15,2
28,11,1
24,10,1
25,11,2
29,14,2
29,14,2
40,22,10
64,38,18
69,52,20
81,49,24
108,69,42
115,80,52
110,77,50
96,64,40
73,46,25
60,33,16
59,33,16
59,34,18
56,35,18
55,35,20
76,81,44
62,74,34
50,76,28
61,81,42
148,149,150
114,106,102
152,144,136
182,177,172
180,172,167
109,103,102
119,115,114
126,126,126
132,135,136
127,131,133
127,129,129
120,116,114
110,101,98
105,94,88
95,86,78
84,74,64
90,78,68
95,82,74
86,74,64
79,63,51
78,59,43
74,52,35
69,46,29
65,43,25
58,39,22
48,34,19
54,39,23
63,46,27
62,44,27
70,51,31
44,25,9
51,28,10
63,34,11
46,23,6
34,15,2
31,13,2
32,14,2
32,14,2
24,11,2
28,13,3
40,22,7
47,27,11
57,32,14
63,38,18
69,42,20
75,49,26
71,46,25
60,36,16
59,33,13
77,51,26
88,70,32
99,90,41
143,111,73
142,113,77
54,68,25
50,77,24
58,81,32
35,70,12
80,97,56
110,116,88
142,140,121
160,155,145
177,168,163
113,103,101
115,112,111
126,128,131
130,131,131
130,130,128
122,117,111
110,99,90
99,86,75
85,74,62
78,68,57
70,61,49
69,60,48
67,57,46
67,55,43
65,53,43
64,51,39
57,45,32
54,42,30
51,39,26
48,36,23
54,40,25
55,40,23
60,45,28
70,52,33
63,41,21
42,22,6
57,31,10
58,31,10
47,24,7
48,25,8
39,18,4
34,17,4
29,14,3
33,15,3
47,26,9
45,26,11
40,24,11
47,27,12
53,32,15
66,43,25
94,70,46
119,92,65
118,89,61
121,100,57
134,124,60
119,120,46
115,110,47
150,123,72
157,127,78
78,78,43
47,71,18
45,78,19
50,98,23
55,82,21
57,82,29
35,65,14
46,75,28
73,87,53
90,93,67
110,104,91
122,117,113
124,118,112
119,111,102
102,91,80
84,74,61
75,66,53
73,64,53
73,64,52
71,62,49
70,60,46
68,56,43
63,52,39
55,45,33
53,42,31
52,43,33
55,46,36
61,50,39
62,50,36
60,45,29
60,44,28
71,54,35
86,66,44
59,35,15
46,24,5
58,32,11
60,34,12
43,21,6
39,19,5
34,16,4
34,17,4
40,21,7
46,26,10
50,29,12
44,26,11
48,28,15
67,45,27
99,74,54
132,102,77
164,128,94
181,145,104
164,128,95
144,130,79
118,127,46
116,118,50
118,109,49
136,113,60
189,146,102
99,80,53
59,65,16
53,68,20
56,83,27
46,72,13
52,76,17
40,82,17
38,79,16
37,64,12
33,61,7
89,104,60
159,155,147
124,118,114
125,116,108
124,113,103
105,95,84
99,89,77
95,85,73
92,83,71
86,76,64
76,67,53
69,59,45
62,52,38
59,48,35
61,52,39
66,57,46
66,57,47
69,59,47
75,62,47
69,54,38
63,47,31
71,51,33
84,63,41
72,47,24
62,38,16
62,36,15
72,44,21
73,45,23
61,35,14
54,31,11
54,30,11
50,29,12
44,27,11
45,26,13
69,51,30
90,90,39
106,101,61
122,92,73
146,110,81
173,134,98
178,143,101
150,125,81
130,123,60
121,130,53
105,114,41
126,121,61
145,121,73
152,117,74
128,102,69
117,98,63
102,94,58
88,95,48
64,80,14
59,79,17
54,90,21
53,76,18
56,78,23
57,83,31
63,81,33
112,115,84
164,164,164
138,139,143
179,174,168
177,170,160
126,119,110
97,91,81
89,81,70
79,71,58
75,67,52
68,60,45
68,59,45
67,58,44
65,57,43
68,60,46
69,61,48
71,60,45
73,59,42
72,56,39
65,48,30
69,49,29
74,52,30
80,54,30
79,52,28
68,40,20
70,42,20
72,43,17
76,46,20
67,42,20
62,40,22
64,42,26
73,55,35
84,73,49
105,102,67
98,132,38
98,108,54
131,100,80
160,130,99
177,144,109
171,137,99
148,122,82
126,130,60
127,136,66
112,120,50
123,106,55
140,112,70
151,111,83
112,100,56
127,110,67
79,79,35
46,57,8
61,72,17
86,95,43
67,80,19
72,82,22
78,95,44
68,88,41
69,84,45
92,92,59
122,108,106
157,154,152
157,157,155
173,170,164
194,187,176
173,166,154
140,133,122
107,98,87
94,83,70
89,79,65
87,78,65
82,75,61
82,73,59
78,70,55
77,67,48
83,69,49
78,63,45
72,55,37
74,54,33
74,52,30
76,53,30
73,51,28
97,74,53
116,96,78
115,90,67
109,83,60
97,74,52
92,69,49
88,74,50
84,86,50
94,104,60
100,106,64
109,116,65
97,129,44
112,106,73
129,100,85
143,122,93
154,131,93
161,130,98
147,126,78
136,136,66
134,139,71
113,127,43
138,116,66
151,119,78
168,125,91
60,73,21
74,80,23
47,55,15
29,35,4
68,68,32
106,113,61
68,83,23
70,85,26
86,104,50
76,106,44
70,103,45
103,109,76
70,59,58
43,34,29
141,131,122
181,175,166
175,172,164
185,180,169
173,167,156
148,141,128
142,132,117
141,132,119
128,121,108
118,110,97
116,106,93
104,94,77
86,73,50
93,75,54
87,69,49
81,60,38
79,57,34
68,48,27
72,52,30
103,80,59
134,113,94
133,113,98
123,102,87
114,94,80
101,81,67
65,65,37
55,83,30
74,103,48
91,105,62
98,104,59
98,115,50
100,127,50
129,116,90
134,108,92
148,128,106
153,136,96
156,131,92
153,133,80
140,132,67
146,145,81
141,152,77
123,115,49
138,108,64
162,121,83
93,73,51
78,71,35
30,37,3
33,41,7
90,92,45
105,115,55
77,94,36
68,95,34
84,100,46
81,99,40
63,89,34
96,100,67
75,62,57
37,27,17
34,18,7
93,75,55
178,167,148
202,194,181
191,185,173
160,154,141
147,137,121
155,145,129
159,149,133
158,149,135
142,129,111
126,109,88
94,75,53
84,64,44
88,66,45
93,68,46
91,67,47
110,90,71
115,96,80
119,101,88
104,93,74
82,76,44
92,86,36
78,90,44
74,95,46
60,90,39
58,89,32
71,101,40
78,100,47
94,105,55
93,117,50
85,108,45
125,105,79
130,118,92
130,132,102
151,136,97
157,134,88
131,131,59
123,116,55
124,131,54
101,119,39
119,118,57
128,118,61
134,98,63
83,66,36
93,78,47
58,61,22
49,56,19
77,84,36
90,101,41
81,86,38
79,99,40
74,88,41
73,84,40
68,77,40
78,82,50
88,80,56
82,67,44
83,62,43
65,55,23
84,78,48
104,89,79
148,135,123
192,182,167
194,185,170
187,177,162
178,167,152
173,159,140
159,142,121
143,121,100
119,96,74
108,87,65
113,90,69
107,84,63
102,88,67
99,94,77
97,91,84
106,96,92
119,119,85
127,153,67
108,143,52
81,115,38
76,112,38
61,95,33
56,87,31
69,100,38
71,96,38
92,107,52
90,117,62
75,96,54
122,107,77
120,123,81
119,125,86
145,123,87
159,141,89
97,116,39
100,105,46
122,130,51
113,124,58
133,113,67
144,120,72
107,94,41
65,60,21
74,68,32
77,72,37
94,90,52
90,84,52
80,77,36
87,89,37
85,94,41
79,86,39
84,98,56
85,93,36
92,91,27
75,80,21
71,74,14
75,63,29
67,69,34
66,73,37
51,38,26
28,13,2
65,61,38
85,92,68
112,125,99
128,139,118
143,140,138
106,98,92
91,81,72
67,57,49
62,50,44
86,83,65
75,80,59
78,81,63
85,83,69
95,88,79
103,96,84
123,125,88
134,150,80
124,154,66
84,117,40
69,103,32
58,92,27
55,85,28
62,95,30
72,101,37
97,121,52
88,118,61
84,99,56
116,113,78
116,124,81
123,116,82
129,108,69
144,147,69
96,117,45
102,102,50
135,131,67
108,116,46
116,107,45
109,101,41
113,104,43
68,56,31
70,61,32
96,81,52
87,82,43
91,86,42
82,77,30
93,97,44
80,87,35
75,81,27
68,86,24
57,79,18
61,71,14
65,67,13
66,71,16
75,74,35
82,78,41
74,81,41
53,44,27
42,36,16
56,63,29
45,63,33
48,77,41
45,74,39
76,93,75
94,95,100
39,37,42
21,17,17
24,20,21
52,47,38
72,78,62
76,78,62
80,77,62
98,88,78
105,100,86
117,120,83
126,141,73
122,152,58
79,112,37
70,105,40
65,99,37
63,88,32
65,96,33
65,99,32
77,107,42
85,119,57
101,109,66
109,113,76
116,118,78
117,109,68
127,119,70
128,135,57
99,115,37
97,104,39
110,121,51
120,122,53
117,108,50
129,102,60
166,129,85
61,61,20
81,74,35
120,97,77
91,82,57
96,86,49
88,79,38
87,88,46
79,81,34
74,83,32
51,76,13
43,69,13
56,66,23
80,78,35
69,66,27
77,71,42
83,72,43
69,70,38
54,54,30
64,62,32
67,71,36
51,64,34
49,67,32
50,73,34
47,75,40
90,110,88
117,125,127
60,60,71
31,28,33
41,35,36
77,74,60
67,69,56
70,69,54
82,77,63
100,95,71
107,111,74
113,130,69
101,127,50
81,112,42
89,126,53
69,105,42
58,87,31
63,93,32
70,101,36
81,107,40
87,117,51
104,100,68
114,102,77
123,113,83
123,118,67
125,121,63
125,132,60
93,105,36
111,116,45
119,115,54
132,125,67
118,111,56
139,101,67
194,146,103
64,69,18
96,84,32
133,104,70
102,89,59
83,80,36
77,79,35
82,80,42
89,90,49
76,90,34
64,90,23
45,68,11
42,60,14
62,68,26
83,78,25
80,73,43
70,59,35
59,51,28
55,46,25
56,48,27
62,66,33
50,72,33
52,73,31
63,78,32
54,76,39
46,77,40
62,91,55
83,101,85
82,92,82
71,75,64
72,73,59
66,69,56
68,67,56
73,69,58
82,77,63
89,87,71
115,123,80
104,129,62
86,119,52
78,118,41
61,96,32
58,87,32
65,92,36
70,98,39
85,103,48
87,103,54
95,92,59
121,100,77
137,118,88
119,114,74
113,113,68
132,129,74
109,135,43
98,121,28
123,113,57
154,129,90
135,123,72
157,123,83
171,126,90
124,121,49
234,218,148
231,206,138
97,83,37
69,81,22
65,85,28
81,83,40
71,79,30
55,80,14
58,91,20
41,63,12
51,58,20
55,52,16
68,68,10
68,70,36
72,61,38
66,62,38
63,63,39
67,65,41
68,88,49
58,83,42
60,74,32
71,76,27
52,68,32
49,75,37
50,75,43
67,93,60
80,109,74
65,82,56
61,68,51
65,68,54
70,71,61
68,66,58
68,66,56
86,87,65
117,126,78
114,139,70
90,125,61
75,112,45
63,97,35
61,88,37
67,97,37
70,105,31
83,108,43
78,101,53
92,101,71
118,102,79
128,128,75
105,129,61
115,114,69
158,138,97
136,132,70
100,122,26
134,139,63
163,136,97
158,129,83
160,121,80
138,109,72
213,198,115
177,179,105
161,143,66
127,109,49
52,76,10
50,74,13
48,70,13
48,70,10
57,90,19
53,88,20
43,61,10
59,53,22
68,60,28
68,68,27
75,69,39
79,68,43
69,69,41
71,72,44
76,81,52
66,86,49
57,75,44
61,77,39
70,77,31
57,78,38
53,82,43
59,77,47
66,81,56
65,84,59
65,81,60
63,75,55
71,74,61
78,77,67
73,69,62
76,79,59
101,116,68
123,140,74
107,132,59
85,115,50
81,113,48
65,103,31
69,99,42
74,106,42
96,132,21
77,110,20
78,109,51
88,103,70
100,85,61
114,99,65
117,115,76
126,127,80
159,131,99
154,125,89
116,137,43
141,138,70
146,136,80
147,125,73
162,123,87
137,109,70
185,187,108
63,81,11
82,77,22
75,88,20
45,78,12
43,65,11
43,61,12
40,62,11
47,77,13
43,79,17
46,78,16
54,65,19
67,65,25
77,72,30
86,76,36
73,70,35
68,68,34
67,70,39
69,83,46
68,88,49
62,78,42
60,72,36
56,67,36
57,70,35
53,78,41
62,85,52
73,83,60
68,85,62
62,85,58
61,79,54
76,83,69
81,81,71
78,75,67
80,77,67
102,113,73
129,154,77
114,139,62
86,115,44
92,122,55
74,109,42
84,110,50
84,114,47
81,118,23
74,107,25
81,113,52
84,111,74
98,90,64
122,92,73
130,106,82
137,125,82
135,114,65
158,129,87
126,138,54
138,122,71
125,110,61
140,114,72
135,99,72
135,104,79
163,166,96
96,103,38
80,95,32
35,75,9
40,75,12
35,57,7
40,55,11
46,73,17
56,93,20
43,66,14
46,74,17
57,70,18
68,77,23
77,81,30
77,72,29
64,64,21
64,69,28
57,68,43
66,89,49
73,91,43
70,78,38
66,75,32
49,73,32
51,75,34
58,83,49
60,88,55
70,82,50
82,87,59
80,98,72
72,86,61
69,76,57
73,76,63
79,77,69
76,71,64
95,98,65
125,151,73
131,159,75
113,146,50
99,132,54
81,110,51
89,108,57
100,124,63
72,101,27
88,123,26
81,117,55
77,105,66
99,95,72
122,97,80
133,110,78
143,129,86
137,122,71
166,159,91
126,152,37
117,123,57
120,114,56
150,124,87
112,82,62
155,113,80
100,101,39
41,73,17
38,68,12
32,66,12
37,64,15
30,55,7
38,66,10
42,73,11
45,72,14
43,58,16
57,67,28
77,81,36
87,94,51
63,84,25
55,76,21
52,73,15
53,80,18
63,73,41
79,97,60
75,106,52
65,87,45
66,76,36
65,84,37
62,94,48
59,85,52
59,86,53
66,85,49
70,81,51
80,95,65
83,96,70
74,84,64
78,85,67
77,78,66
78,73,66
99,96,73
141,158,85
148,177,74
114,152,41
91,121,48
82,110,46
76,93,45
90,116,51
67,90,21
70,104,22
82,112,64
81,102,66
88,85,67
108,95,75
115,119,67
136,134,68
142,126,79
156,146,91
122,144,50
106,125,43
125,122,58
163,132,91
98,71,54
125,88,59
70,65,22
35,57,10
35,58,15
32,55,14
39,58,13
34,54,9
33,51,8
34,53,9
30,51,6
52,64,27
60,69,24
82,86,33
96,108,55
79,98,49
51,69,24
47,77,13
56,78,21
68,70,39
77,89,52
74,105,57
72,99,53
81,89,50
74,83,39
65,95,45
54,78,43
49,79,33
49,76,33
53,79,44
67,85,50
66,80,51
74,90,63
82,100,66
81,93,66
88,87,75
101,98,79
129,145,77
146,179,62
99,138,33
97,116,54
84,114,43
66,93,35
79,107,49
89,124,48
74,111,28
88,110,70
71,99,60
88,90,64
109,98,66
113,110,67
149,143,90
148,128,92
151,125,87
110,122,53
97,124,36
119,130,55
161,132,79
129,95,69
100,78,52
159,144,84
58,68,15
40,64,16
24,41,8
26,37,7
30,45,9
33,44,11
32,44,8
31,53,10
69,74,52
74,82,41
81,85,36
80,82,38
71,69,35
67,68,37
57,73,26
66,73,35
72,73,48
73,83,48
70,91,45
69,88,44
79,83,48
74,75,40
70,91,41
61,85,36
52,84,39
43,68,26
44,61,27
55,69,40
61,73,48
70,88,52
72,97,52
72,92,54
80,89,61
106,114,72
129,151,74
142,172,60
100,138,35
102,112,53
88,115,48
64,97,36
55,85,30
77,114,41
87,120,54
98,108,73
85,105,68
102,114,74
110,111,73
110,113,74
132,120,86
158,139,98
160,134,92
111,97,52
102,116,41
123,132,62
145,127,74
148,110,76
135,109,72
95,92,32
138,116,64
76,83,34
24,48,9
25,37,8
30,42,11
38,49,12
41,55,14
40,62,17
70,73,53
77,77,53
71,75,32
72,73,32
79,78,41
89,97,50
85,96,53
85,85,53
84,92,66
79,90,58
82,94,44
75,95,34
72,70,35
66,64,35
71,76,27
67,87,30
59,91,57
50,72,41
50,66,34
55,70,40
62,75,50
64,83,50
63,90,47
64,87,51
77,91,59
109,126,67
141,163,68
128,157,50
98,135,41
101,132,54
93,126,55
65,100,40
55,85,28
76,107,46
88,118,60
90,105,68
87,103,67
106,114,80
114,108,78
115,110,82
126,116,82
150,130,85
162,136,90
112,89,56
102,107,48
132,127,70
149,121,82
143,106,74
140,114,73
102,98,42
117,94,49
90,82,42
40,57,18
25,38,5
37,41,13
36,53,11
33,66,11
37,57,12
58,64,32
66,66,38
70,73,37
63,67,30
86,94,51
92,102,56
93,102,57
93,90,57
81,89,52
67,84,43
82,86,36
91,96,38
89,83,41
72,74,34
77,87,22
68,78,27
62,79,48
53,77,48
50,71,39
46,68,32
57,73,48
62,81,45
69,83,46
69,81,46
80,89,52
121,136,68
133,157,64
108,139,48
96,128,48
90,127,51
82,122,45
68,108,35
72,100,34
77,106,47
81,104,58
88,98,65
86,95,69
110,98,80
114,109,79
100,100,68
101,89,61
152,119,91
147,121,81
128,110,70
121,125,72
130,113,73
114,102,56
136,104,74
158,124,89
68,65,27
34,35,9
59,58,30
57,68,27
31,50,10
28,43,8
34,45,12
30,57,9
22,45,2
34,56,9
58,78,32
74,79,57
75,76,45
92,99,56
95,105,64
85,88,53
84,84,50
74,92,42
65,81,40
76,76,31
70,87,31
78,100,33
68,83,23
62,85,13
64,76,30
69,77,46
57,82,53
56,79,47
57,80,44
72,79,53
94,77,51
105,73,44
137,94,58
162,119,69
161,139,71
146,157,59
115,147,49
92,123,50
95,131,58
91,127,54
78,113,44
75,98,43
80,106,56
77,111,63
76,101,58
80,89,62
103,84,64
105,106,74
90,98,63
110,99,73
159,124,95
152,128,80
143,127,77
136,127,71
155,134,97
142,126,82
131,102,74
154,122,86
39,50,10
38,38,8
43,37,18
46,51,18
38,52,15
41,51,18
54,57,28
42,58,13
40,63,19
44,68,22
55,80,32
71,79,51
82,86,54
96,105,68
104,118,71
93,101,60
88,101,61
77,97,52
59,72,37
63,63,31
71,86,26
48,74,11
44,63,12
40,62,9
58,69,30
72,76,46
67,88,61
61,85,55
71,85,49
91,72,49
90,61,45
92,58,38
120,74,49
142,96,58
142,116,59
127,140,45
114,147,46
119,149,64
108,142,65
103,134,58
89,122,48
79,107,42
81,109,54
76,107,62
73,97,59
87,98,70
96,84,64
108,96,74
101,96,68
117,102,81
146,122,81
159,145,91
161,148,94
154,138,87
143,115,76
153,119,81
120,90,62
137,113,62
60,59,24
61,55,25
53,62,27
57,62,37
52,63,29
48,63,20
66,68,40
59,67,27
55,73,27
51,68,24
75,80,51
83,85,48
91,101,56
102,118,68
103,121,64
106,127,65
103,127,63
79,102,52
57,79,37
57,72,29
71,83,32
47,64,18
43,61,12
40,58,5
53,66,14
63,72,40
72,92,61
64,92,63
79,85,52
115,83,67
94,67,54
96,63,42
139,89,59
138,85,53
125,91,50
117,125,43
119,150,52
131,161,72
104,141,59
91,124,55
86,115,46
85,118,49
80,113,54
79,109,66
82,103,68
82,102,66
89,86,62
118,104,75
106,102,69
133,116,95
145,119,77
157,139,86
149,127,87
152,130,98
144,113,77
144,115,77
114,95,52
151,124,72
194,164,108
107,103,52
71,88,49
80,88,64
57,86,36
44,76,19
53,72,28
46,63,18
61,75,38
58,73,32
75,84,42
95,107,72
98,114,54
91,104,51
97,113,55
84,114,35
93,118,51
80,99,53
55,76,22
59,72,21
69,73,44
77,97,53
64,91,35
35,55,5
46,59,15
63,82,39
67,89,55
74,103,67
78,98,61
113,88,65
129,88,69
130,84,55
196,127,84
200,129,81
154,111,63
110,114,40
116,141,54
130,155,72
106,139,54
101,136,61
74,104,39
78,109,44
79,109,53
72,105,62
71,103,58
86,97,61
114,103,81
136,113,95
117,99,77
148,127,105
150,122,86
160,139,89
135,111,75
132,123,75
158,131,80
175,137,106
146,113,80
160,120,85
