congress_number,icpsr_id,state_code,congress_district,state_name,party_code,occupancy,last_means_of_office,name,x_dimension,alt_dimension,log_likelihood,num_votes,num_classification_factors,geometric_mean_probability
114,21376,41,1,ALABAMA,200,0,1,BYRNE,0.535,0.328,-110.46885,1098,46,0.904
114,21192,41,2,ALABAMA,200,0,1,ROBY,0.36,0.765,-91.86408,1095,33,0.92
114,20301,41,3,ALABAMA,200,0,1,ROGERS,0.333,0.51,-137.94054,1099,61,0.882
114,29701,41,4,ALABAMA,200,0,1,ADERHOLT,0.358,0.688,-101.12159,1111,41,0.913
114,21193,41,5,ALABAMA,200,0,1,BROOKS,0.593,-0.348,-280.6334,1118,111,0.778
114,21500,41,6,ALABAMA,200,0,1,PALMER,0.788,-0.124,-101.11883,1120,39,0.914
114,21102,41,7,ALABAMA,100,0,1,SEWELL,-0.407,0.467,-178.72965,1062,89,0.845
114,14066,81,1,ALASKA,200,0,1,YOUNG,0.279,-0.005,-175.9573,1049,73,0.846
114,20902,61,1,ARIZONA,100,0,1,KIRKPATRIC,-0.161,0.005,-261.64714,1033,121,0.776
114,21501,61,2,ARIZONA,200,0,1,MCSALLY,0.321,0.014,-196.80935,1125,95,0.84
114,20305,61,3,ARIZONA,100,0,1,GRIJALVA,-0.6,-0.216,-92.59167,1051,36,0.916
114,21103,61,4,ARIZONA,200,0,1,GOSAR,0.604,-0.272,-162.15762,1083,78,0.861
114,29500,61,5,ARIZONA,200,0,1,SALMON,0.673,-0.272,-162.72287,1092,62,0.862
114,21105,61,6,ARIZONA,200,0,1,SCHWEIKERT,0.642,-0.327,-131.45632,1119,57,0.889
114,21502,61,7,ARIZONA,100,0,1,GALLEGO,-0.484,-0.011,-78.88182,1110,26,0.931
114,20304,61,8,ARIZONA,200,0,1,FRANKS,0.753,0.14,-125.80282,1094,45,0.891
114,21300,61,9,ARIZONA,100,0,1,SINEMA,-0.114,0.039,-410.7568,1087,190,0.685
114,21106,42,1,ARKANSA,200,0,1,CRAWFORD,0.355,0.571,-105.43417,1083,48,0.907
114,21503,42,2,ARKANSA,200,0,1,HILL,0.467,0.169,-114.74846,1121,48,0.903
114,21108,42,3,ARKANSA,200,0,1,WOMACK,0.328,0.699,-65.16804,1125,21,0.944
114,21563,42,4,ARKANSA,200,0,1,WESTERMAN,0.527,0.43,-77.55944,1122,34,0.933
114,21302,71,1,CALIFOR,200,0,1,LAMALFA,0.563,0.216,-111.73281,1103,40,0.904
114,21303,71,2,CALIFOR,100,0,1,HUFFMAN,-0.433,-0.463,-83.00948,1107,40,0.928
114,20958,71,3,CALIFOR,100,0,1,GARAMENDI,-0.313,-0.1,-163.44675,1082,59,0.86
114,20903,71,4,CALIFOR,200,0,1,MCCLINTOCK,0.753,-0.565,-127.01714,1121,54,0.893
114,29901,71,5,CALIFOR,100,0,1,THOMPSON,-0.399,0.08,-106.8525,1086,44,0.906
114,20538,71,6,CALIFOR,100,0,1,MATSUI,-0.444,-0.16,-69.80482,1116,27,0.939
114,21304,71,7,CALIFOR,100,0,1,BERA,-0.221,-0.047,-172.45483,1109,76,0.856
114,21305,71,8,CALIFOR,200,0,1,COOK,0.407,0.206,-111.8527,1105,40,0.904
114,20702,71,9,CALIFOR,100,0,1,MCNERNEY,-0.258,-0.114,-139.59707,1104,47,0.881
114,21109,71,10,CALIFOR,200,0,1,DENHAM,0.31,0.222,-167.65359,1117,76,0.861
114,21504,71,11,CALIFOR,100,0,1,DESAULNIER,-0.494,-0.258,-64.85372,1112,29,0.943
114,15448,71,12,CALIFOR,100,0,1,PELOSI,-0.494,-0.195,-63.92478,1038,23,0.94
114,29778,71,13,CALIFOR,100,0,1,LEE,-0.684,-0.637,-48.4082,1036,14,0.954
114,20762,71,14,CALIFOR,100,0,1,SPEIER,-0.389,-0.459,-90.19901,1036,46,0.917
114,21306,71,15,CALIFOR,100,0,1,SWALWELL,-0.369,-0.095,-93.68389,1083,46,0.917
114,20501,71,16,CALIFOR,100,0,1,COSTA,-0.199,0.54,-421.23995,1083,217,0.678
114,20103,71,17,CALIFOR,100,0,1,HONDA,-0.529,-0.482,-57.09059,1113,27,0.95
114,29312,71,18,CALIFOR,100,0,1,ESHOO,-0.385,-0.42,-77.625,1103,38,0.932
114,29504,71,19,CALIFOR,100,0,1,LOFGREN,-0.403,-0.431,-109.92873,1047,50,0.9
114,29313,71,20,CALIFOR,100,0,1,FARR,-0.455,-0.219,-107.70226,1067,46,0.904
114,21307,71,21,CALIFOR,200,0,1,VALADAO,0.251,0.37,-112.03513,1122,52,0.905
114,20307,71,22,CALIFOR,200,0,1,NUNES,0.449,0.256,-105.20206,1123,43,0.911
114,20703,71,23,CALIFOR,200,0,1,MCCARTHY,0.459,0.276,-84.01764,1111,41,0.927
114,29774,71,24,CALIFOR,100,0,1,CAPPS,-0.389,-0.227,-81.8492,1077,26,0.927
114,21505,71,25,CALIFOR,200,0,1,KNIGHT,0.445,0.147,-115.0688,1112,49,0.902
114,21308,71,26,CALIFOR,100,0,1,BROWNLEY,-0.275,0.039,-151.82572,1119,75,0.873
114,20955,71,27,CALIFOR,100,0,1,CHU,-0.512,-0.277,-52.46236,1071,19,0.952
114,20104,71,28,CALIFOR,100,0,1,SCHIFF,-0.346,-0.129,-84.89237,1117,29,0.927
114,21309,71,29,CALIFOR,100,0,1,CARDENAS,-0.373,0.017,-111.49602,1035,44,0.898
114,29707,71,30,CALIFOR,100,0,1,SHERMAN,-0.346,-0.124,-142.10364,1117,51,0.881
114,21506,71,31,CALIFOR,100,0,1,AGUILAR,-0.268,0.124,-166.71068,1090,79,0.858
114,29903,71,32,CALIFOR,100,0,1,NAPOLITA,-0.448,-0.226,-68.5603,1079,24,0.938
114,21507,71,33,CALIFOR,100,0,1,LIEU,-0.325,-0.505,-92.99851,1025,34,0.913
114,29316,71,34,CALIFOR,100,0,1,BECERRA,-0.513,-0.265,-80.62185,1068,32,0.927
114,21508,71,35,CALIFOR,100,0,1,TORRES,-0.372,0.047,-106.37081,1112,46,0.909
114,21311,71,36,CALIFOR,100,0,1,RUIZ,-0.232,0.056,-170.47534,1080,58,0.854
114,21110,71,37,CALIFOR,100,0,1,BASS,-0.549,-0.14,-91.47994,1025,43,0.915
114,20310,71,38,CALIFOR,100,0,1,SANCHEZ,-0.507,-0.154,-62.06808,1103,30,0.945
114,29321,71,39,CALIFOR,200,0,1,ROYCE,0.666,-0.335,-203.17792,1114,85,0.833
114,29317,71,40,CALIFOR,100,0,1,ROYBAL-A,-0.473,-0.192,-59.13965,1111,28,0.948
114,21312,71,41,CALIFOR,100,0,1,TAKANO,-0.476,-0.14,-89.8521,1125,33,0.923
114,29323,71,42,CALIFOR,200,0,1,CALVERT,0.345,0.232,-94.80617,1113,27,0.918
114,29106,71,43,CALIFOR,100,0,1,WATERS,-0.663,-0.076,-99.57316,1038,39,0.909
114,21195,71,44,CALIFOR,100,0,1,HAHN,-0.39,-0.376,-83.71876,1089,38,0.926
114,21509,71,45,CALIFOR,200,0,1,WALTERS,0.389,0.26,-107.06904,1088,43,0.906
114,29709,71,46,CALIFOR,100,0,1,SANCHEZ,-0.367,0.025,-108.19825,841,48,0.879
114,21313,71,47,CALIFOR,100,0,1,LOWENTHAL,-0.436,-0.382,-72.82223,1119,26,0.937
114,15621,71,48,CALIFOR,200,0,1,ROHRABAC,0.629,-0.405,-166.93081,1102,74,0.859
114,20107,71,49,CALIFOR,200,0,1,ISSA,0.506,-0.013,-141.4377,1086,62,0.878
114,20963,71,50,CALIFOR,200,0,1,HUNTER,0.511,0.282,-133.08985,1115,57,0.887
114,21314,71,51,CALIFOR,100,0,1,VARGAS,-0.381,0.135,-132.36352,1117,57,0.888
114,21315,71,52,CALIFOR,100,0,1,PETERS,-0.178,-0.081,-237.01227,1108,110,0.807
114,20108,71,53,CALIFOR,100,0,1,DAVIS,-0.348,-0.072,-94.81875,1118,33,0.919
114,29710,62,1,COLORAD,100,0,1,DEGETTE,-0.437,-0.291,-79.87089,1115,31,0.931
114,20904,62,2,COLORAD,100,0,1,POLIS,-0.285,-0.614,-212.59446,1109,86,0.826
114,21111,62,3,COLORAD,200,0,1,TIPTON,0.46,0.039,-131.11824,1118,73,0.889
114,21510,62,4,COLORAD,200,0,1,BUCK,0.73,-0.544,-135.91212,1063,58,0.88
114,20704,62,5,COLORAD,200,0,1,LAMBORN,0.692,0.272,-76.8263,1091,30,0.932
114,20906,62,6,COLORAD,200,0,1,COFFMAN,0.496,-0.119,-193.92874,1119,75,0.841
114,20705,62,7,COLORAD,100,0,1,PERLMUTTER,-0.303,0.185,-161.8378,1085,68,0.861
114,29908,1,1,CONNECT,100,0,1,LARSON,-0.405,-0.045,-107.41617,1075,43,0.905
114,20706,1,2,CONNECT,100,0,1,COURTNEY,-0.353,0.066,-110.51827,1111,46,0.905
114,29109,1,3,CONNECT,100,0,1,DELAURO,-0.421,-0.095,-82.94299,1077,26,0.926
114,20907,1,4,CONNECT,100,0,1,HIMES,-0.246,-0.236,-154.19391,1112,64,0.871
114,21316,1,5,CONNECT,100,0,1,ESTY,-0.309,-0.109,-103.17446,1119,39,0.912
114,21113,11,1,DELAWAR,100,0,1,CARNEY,-0.256,-0.142,-141.76971,1100,57,0.879
114,20110,43,1,FLORIDA,200,0,1,MILLER,0.633,0.155,-89.73545,1089,45,0.921
114,21511,43,2,FLORIDA,100,0,1,GRAHAM,-0.233,0.255,-239.05872,1124,96,0.808
114,21317,43,3,FLORIDA,200,0,1,YOHO,0.698,-0.432,-155.24785,1110,69,0.869
114,20111,43,4,FLORIDA,200,0,1,CRENSHAW,0.333,0.337,-89.92786,1109,23,0.922
114,29328,43,5,FLORIDA,100,0,1,BROWN,-0.429,0.192,-108.58497,983,39,0.895
114,21318,43,6,FLORIDA,200,0,1,DESANTIS,0.662,-0.109,-100.76426,1108,55,0.913
114,29331,43,7,FLORIDA,200,0,1,MICA,0.453,0.137,-113.52337,1119,46,0.904
114,20909,43,8,FLORIDA,200,0,1,POSEY,0.508,-0.281,-192.32167,1121,76,0.842
114,20908,43,9,FLORIDA,100,0,1,GRAYSON,-0.363,-0.457,-179.64887,1099,63,0.849
114,21116,43,10,FLORIDA,200,0,1,WEBSTER,0.464,0.114,-133.35741,1067,54,0.883
114,21115,43,11,FLORIDA,200,0,1,NUGENT,0.483,0.077,-157.24613,973,75,0.851
114,20758,43,12,FLORIDA,200,0,1,BILIRAKI,0.392,0.084,-136.84216,1118,62,0.885
114,21401,43,13,FLORIDA,200,0,1,JOLLY,0.23,0.058,-228.78436,1065,93,0.807
114,20708,43,14,FLORIDA,100,0,1,CASTOR,-0.438,0.041,-86.52943,1096,43,0.924
114,21117,43,15,FLORIDA,200,0,1,ROSS,0.539,0.123,-110.97254,1109,44,0.905
114,20709,43,16,FLORIDA,200,0,1,BUCHANAN,0.355,-0.13,-191.66464,1063,82,0.835
114,20910,43,17,FLORIDA,200,0,1,ROONEY,0.466,0.085,-133.86939,1078,72,0.883
114,21319,43,18,FLORIDA,100,0,1,MURPHY,-0.186,-0.026,-209.56091,1085,85,0.824
114,21377,43,19,FLORIDA,200,0,1,CLAWSON,0.626,-0.509,-201.38303,1041,71,0.824
114,29337,43,20,FLORIDA,100,0,1,HASTINGS,-0.567,0.16,-116.0609,945,51,0.884
114,20959,43,21,FLORIDA,100,0,1,DEUTCH,-0.428,-0.042,-82.64414,1060,33,0.925
114,21321,43,22,FLORIDA,100,0,1,FRANKEL,-0.429,-0.018,-77.82082,1105,26,0.932
114,20504,43,23,FLORIDA,100,0,1,WASSERMA,-0.44,0.13,-84.66612,1035,31,0.921
114,21118,43,24,FLORIDA,100,0,1,WILSON,-0.481,0.018,-73.17146,1041,28,0.932
114,20316,43,25,FLORIDA,200,0,1,DIAZ-BAL,0.277,0.104,-147.12263,1101,52,0.875
114,21512,43,26,FLORIDA,200,0,1,CURBELO,0.192,-0.182,-265.25634,1101,132,0.786
114,15634,43,27,FLORIDA,200,0,1,ROS-LEHT,0.245,-0.205,-264.02469,1108,136,0.788
114,21513,44,1,GEORGIA,200,0,1,CARTER,0.551,0.271,-100.33043,1111,53,0.914
114,29339,44,2,GEORGIA,100,0,1,BISHOP,-0.289,0.537,-271.49511,1105,126,0.782
114,20506,44,3,GEORGIA,200,0,1,WESTMORE,0.672,0.189,-145.79575,946,55,0.857
114,20712,44,4,GEORGIA,100,0,1,JOHNSON,-0.476,0.09,-125.75181,1088,39,0.891
114,15431,44,5,GEORGIA,100,0,1,LEWIS,-0.587,-0.239,-72.4099,1046,33,0.933
114,20505,44,6,GEORGIA,200,0,1,PRICE,0.642,0.017,-99.67315,1085,56,0.912
114,21122,44,7,GEORGIA,200,0,1,WOODALL,0.658,-0.254,-136.87411,1109,72,0.884
114,21123,44,8,GEORGIA,200,0,1,SCOTT,0.6,0.343,-67.89709,1098,20,0.94
114,21323,44,9,GEORGIA,200,0,1,COLLINS,0.663,0.107,-102.26612,1104,57,0.912
114,21514,44,10,GEORGIA,200,0,1,HICE,0.714,-0.1,-94.57821,1116,48,0.919
114,21515,44,11,GEORGIA,200,0,1,LOUDERMILK,0.671,-0.058,-109.70468,1095,49,0.905
114,21516,44,12,GEORGIA,200,0,1,ALLEN,0.616,0.435,-69.55806,1111,23,0.939
114,20321,44,13,GEORGIA,100,0,1,SCOTT,-0.306,0.189,-175.57456,1068,67,0.848
114,20962,44,14,GEORGIA,200,0,1,GRAVES,0.756,-0.103,-114.02464,1102,65,0.902
114,21517,82,1,HAWAII,100,1,1,TAKAI,-0.363,-0.038,-63.51748,646,19,0.906
114,21124,82,1,HAWAII,100,2,2,HANABUSA,-0.377,0.009,-0.92031,31,0,0.971
114,21324,82,2,HAWAII,100,0,1,GABBARD,-0.28,-0.163,-165.56277,1119,63,0.862
114,21125,63,1,IDAHO,200,0,1,LABRADOR,0.729,-0.626,-160.40555,1099,74,0.864
114,29910,63,2,IDAHO,200,0,1,SIMPSON,0.294,0.28,-105.17876,1105,39,0.909
114,29346,21,1,ILLINOI,100,0,1,RUSH,-0.481,-0.183,-106.85449,914,42,0.89
114,21371,21,2,ILLINOI,100,0,1,KELLY,-0.448,-0.006,-79.5324,1052,29,0.927
114,20508,21,3,ILLINOI,100,0,1,LIPINSKI,-0.241,0.219,-291.79646,1094,118,0.766
114,29348,21,4,ILLINOI,100,0,1,GUTIERRE,-0.485,-0.257,-68.74374,1004,33,0.934
114,20954,21,5,ILLINOI,100,0,1,QUIGLEY,-0.319,-0.301,-116.18209,1106,51,0.9
114,20715,21,6,ILLINOI,200,0,1,ROSKAM,0.438,0.071,-134.17277,1065,63,0.882
114,29717,21,7,ILLINOI,100,0,1,DAVIS,-0.492,-0.22,-75.34097,1077,26,0.932
114,21325,21,8,ILLINOI,100,0,1,DUCKWORTH,-0.292,0.065,-115.84811,1009,46,0.892
114,29911,21,9,ILLINOI,100,0,1,SCHAKOWS,-0.602,-0.276,-74.18271,1087,33,0.934
114,21518,21,10,ILLINOI,200,0,1,DOLD,0.176,-0.207,-292.99709,1112,142,0.768
114,20749,21,11,ILLINOI,100,0,1,FOSTER,-0.219,-0.184,-145.59526,1119,55,0.878
114,21519,21,12,ILLINOI,200,0,1,BOST,0.281,0.372,-118.52438,1072,56,0.895
114,21328,21,13,ILLINOI,200,0,1,DAVIS,0.295,0.111,-146.58373,1108,71,0.876
114,21129,21,14,ILLINOI,200,0,1,HULTGREN,0.498,-0.006,-111.83421,1115,47,0.905
114,29718,21,15,ILLINOI,200,0,1,SHIMKUS,0.371,0.172,-101.46344,1118,41,0.913
114,21128,21,16,ILLINOI,200,0,1,KINZINGER,0.27,0.315,-128.72853,1119,69,0.891
114,21329,21,17,ILLINOI,100,0,1,BUSTOS,-0.241,0.085,-149.18188,1119,45,0.875
114,20914,21,18,ILLINOI,200,1,1,SCHOCK,0.311,0.185,-15.2141,110,9,0.871
114,21562,21,18,ILLINOI,200,2,2,LAHOOD,0.428,0.07,-63.14224,684,26,0.912
114,15124,22,1,INDIANA,100,0,1,VISCLOSK,-0.404,0.257,-160.7047,1111,70,0.865
114,21330,22,2,INDIANA,200,0,1,WALORSKI,0.429,0.478,-74.79901,1112,29,0.935
114,21100,22,3,INDIANA,200,0,1,STUTZMAN,0.742,-0.119,-92.80672,1061,41,0.916
114,21131,22,4,INDIANA,200,0,1,ROKITA,0.593,-0.122,-149.16629,1106,54,0.874
114,21331,22,5,INDIANA,200,0,1,BROOKS,0.37,0.447,-108.27054,1112,49,0.907
114,21332,22,6,INDIANA,200,0,1,MESSER,0.555,0.029,-117.96881,1114,47,0.9
114,20757,22,7,INDIANA,100,0,1,CARSON,-0.443,0.131,-121.95609,1108,42,0.896
114,21132,22,8,INDIANA,200,0,1,BUCSHON,0.393,0.328,-102.62466,1118,53,0.912
114,21133,22,9,INDIANA,200,0,1,YOUNG,0.491,0.144,-109.00908,1082,52,0.904
114,21520,31,1,IOWA,200,0,1,BLUM,0.516,-0.395,-210.47703,1115,70,0.828
114,20720,31,2,IOWA,100,0,1,LOEBSACK,-0.282,-0.049,-102.00744,1112,37,0.912
114,21521,31,3,IOWA,200,0,1,YOUNG,0.441,0.066,-142.79096,1125,63,0.881
114,20325,31,4,IOWA,200,0,1,KING,0.62,0.382,-152.58878,1077,43,0.868
114,21134,32,1,KANSAS,200,0,1,HUELSKAMP,0.744,-0.466,-167.58324,1103,69,0.859
114,20915,32,2,KANSAS,200,0,1,JENKINS,0.522,0.081,-110.87457,1098,50,0.904
114,21135,32,3,KANSAS,200,0,1,YODER,0.572,0.087,-120.19846,1109,59,0.897
114,21136,32,4,KANSAS,200,0,1,POMPEO,0.667,0.238,-79.8662,1081,29,0.929
114,29525,51,1,KENTUCK,200,1,1,WHITFIEL,0.303,0.182,-161.20582,956,51,0.845
114,21565,51,1,KENTUCK,200,2,2,COMER,0.541,-0.059,-1.93376,31,1,0.94
114,20916,51,2,KENTUCK,200,0,1,GUTHRIE,0.396,0.331,-100.88285,1116,47,0.914
114,20723,51,3,KENTUCK,100,0,1,YARMUTH,-0.383,-0.24,-72.95199,1041,28,0.932
114,31102,51,4,KENTUCK,200,0,1,MASSIE,0.604,-0.797,-373.05805,1114,154,0.715
114,14854,51,5,KENTUCK,200,0,1,ROGERS,0.332,0.072,-102.87739,1113,37,0.912
114,21333,51,6,KENTUCK,200,0,1,BARR,0.47,0.443,-90.97664,1117,44,0.922
114,20759,45,1,LOUISIA,200,0,1,SCALISE,0.559,0.213,-87.67398,1110,32,0.924
114,21137,45,2,LOUISIA,100,0,1,RICHMOND,-0.472,0.351,-115.54939,1077,53,0.898
114,20514,45,3,LOUISIA,200,0,1,BOUSTANY,0.392,0.308,-102.39446,1115,40,0.912
114,20918,45,4,LOUISIA,200,0,1,FLEMING,0.59,0.022,-134.43897,1116,70,0.887
114,21522,45,5,LOUISIA,200,0,1,ABRAHAM,0.487,0.496,-86.91341,1123,37,0.926
114,21523,45,6,LOUISIA,200,0,1,GRAVES,0.49,-0.07,-150.41001,1117,61,0.874
114,20920,2,1,MAINE,100,0,1,PINGREE,-0.429,-0.419,-88.63918,1115,39,0.924
114,21524,2,2,MAINE,200,0,1,POLIQUIN,0.367,-0.246,-265.06953,1122,119,0.79
114,21139,52,1,MARYLAN,200,0,1,HARRIS,0.597,-0.198,-143.06522,1117,56,0.88
114,20329,52,2,MARYLAN,100,0,1,RUPPERSBE,-0.303,0.172,-172.57347,1076,69,0.852
114,20724,52,3,MARYLAN,100,0,1,SARBANES,-0.461,-0.103,-59.98152,1105,28,0.947
114,20763,52,4,MARYLAN,100,0,1,EDWARDS,-0.562,-0.294,-71.33447,1097,33,0.937
114,14873,52,5,MARYLAN,100,0,1,HOYER,-0.38,0.129,-94.16422,1083,43,0.917
114,21334,52,6,MARYLAN,100,0,1,DELANEY,-0.276,0.023,-176.59766,1055,79,0.846
114,29587,52,7,MARYLAN,100,0,1,CUMMINGS,-0.439,-0.14,-60.31532,1100,23,0.947
114,20330,52,8,MARYLAN,100,0,1,VAN HOLLE,-0.403,-0.159,-65.47101,1094,20,0.942
114,15616,3,1,MASSACH,100,0,1,NEAL,-0.417,-0.12,-92.73404,1097,49,0.919
114,29729,3,2,MASSACH,100,0,1,MCGOVERN,-0.534,-0.338,-76.25815,1114,38,0.934
114,20754,3,3,MASSACH,100,0,1,TSONGAS,-0.409,-0.168,-76.3635,1079,29,0.932
114,21335,3,4,MASSACH,100,0,1,KENNEDY,-0.448,-0.068,-92.09657,1072,35,0.918
114,21375,3,5,MASSACH,100,0,1,CLARK,-0.479,-0.51,-64.47897,1120,29,0.944
114,21525,3,6,MASSACH,100,0,1,MOULTON,-0.34,0.019,-136.91228,1118,58,0.885
114,29919,3,7,MASSACH,100,0,1,CAPUANO,-0.58,-0.1,-109.94657,1100,61,0.905
114,20119,3,8,MASSACH,100,0,1,LYNCH,-0.352,0.026,-153.0348,1104,67,0.871
114,21140,3,9,MASSACH,100,0,1,KEATING,-0.335,-0.153,-146.45324,1103,55,0.876
114,21141,23,1,MICHIGA,200,0,1,BENISHEK,0.491,-0.15,-198.80694,1122,105,0.838
114,21142,23,2,MICHIGA,200,0,1,HUIZENGA,0.64,-0.053,-114.10973,1090,52,0.901
114,21143,23,3,MICHIGA,200,0,1,AMASH,0.647,-0.763,-475.27625,1122,172,0.655
114,21526,23,4,MICHIGA,200,0,1,MOOLENAAR,0.429,0.481,-98.04196,1111,39,0.916
114,21372,23,5,MICHIGA,100,0,1,KILDEE,-0.421,-0.119,-79.85456,1098,26,0.93
114,15446,23,6,MICHIGA,200,0,1,UPTON,0.337,-0.402,-217.44498,1125,91,0.824
114,20725,23,7,MICHIGA,200,0,1,WALBERG,0.528,0.083,-97.8638,1118,50,0.916
114,21527,23,8,MICHIGA,200,0,1,BISHOP,0.436,0.156,-122.20438,1120,55,0.897
114,15033,23,9,MICHIGA,100,0,1,LEVIN,-0.379,-0.075,-82.50077,1106,30,0.928
114,20331,23,10,MICHIGA,200,0,1,MILLER,0.343,-0.001,-160.03739,1056,75,0.859
114,21528,23,11,MICHIGA,200,0,1,TROTT,0.372,0.338,-107.83626,1119,43,0.908
114,21529,23,12,MICHIGA,100,0,1,DINGELL D,-0.468,0.039,-76.65011,1097,29,0.933
114,10713,23,13,MICHIGA,100,0,1,CONYERS,-0.66,-0.465,-99.52173,1074,38,0.911
114,21530,23,14,MICHIGA,100,0,1,LAWRENCE,-0.457,-0.032,-81.23476,1111,35,0.929
114,20726,33,1,MINNESO,100,0,1,WALZ,-0.28,0.177,-196.89662,1113,78,0.838
114,20333,33,2,MINNESO,200,0,1,KLINE,0.49,0.154,-112.95818,1114,45,0.904
114,20924,33,3,MINNESO,200,0,1,PAULSEN,0.404,-0.139,-166.27828,1114,77,0.861
114,20122,33,4,MINNESO,100,0,1,MCCOLLUM,-0.425,-0.154,-90.67067,1109,31,0.921
114,20727,33,5,MINNESO,100,0,1,ELLISON,-0.541,-0.532,-90.48254,1076,35,0.919
114,21531,33,6,MINNESO,200,0,1,EMMER,0.421,-0.063,-175.42386,1118,82,0.855
114,29127,33,7,MINNESO,100,0,1,PETERSON,-0.144,0.755,-459.49844,1115,221,0.662
114,14263,33,8,MINNESO,100,0,1,NOLAN,-0.377,-0.442,-189.13209,1081,66,0.839
114,21561,46,1,MISSISS,200,2,2,KELLY,0.539,0.334,-69.95139,829,35,0.919
114,29368,46,2,MISSISS,100,0,1,THOMPSON,-0.519,0.434,-123.12809,1080,60,0.892
114,20925,46,3,MISSISS,200,0,1,HARPER,0.38,0.553,-90.58458,1102,33,0.921
114,21148,46,4,MISSISS,200,0,1,PALAZZO,0.5,0.66,-107.21238,1075,52,0.905
114,20147,34,1,MISSOUR,100,0,1,CLAY,-0.491,-0.045,-105.14445,1087,36,0.908
114,21337,34,2,MISSOUR,200,0,1,WAGNER,0.447,0.337,-88.24017,1051,33,0.919
114,20926,34,3,MISSOUR,200,0,1,LUETKEMEYER,0.445,0.327,-85.88222,1106,38,0.925
114,21149,34,4,MISSOUR,200,0,1,HARTZLER,0.504,0.525,-90.55699,1119,43,0.922
114,20517,34,5,MISSOUR,100,0,1,CLEAVER,-0.458,0.042,-100.46733,1013,36,0.906
114,20124,34,6,MISSOUR,200,0,1,GRAVES,0.429,0.203,-130.85029,1054,56,0.883
114,21150,34,7,MISSOUR,200,0,1,LONG,0.578,0.461,-88.36572,1075,38,0.921
114,21373,34,8,MISSOUR,200,0,1,SMITH,0.614,0.38,-84.25278,1115,43,0.927
114,21532,64,1,MONTANA,200,0,1,ZINKE,0.409,-0.073,-192.28261,1103,69,0.84
114,20518,35,1,NEBRASK,200,0,1,FORTENBE,0.295,-0.03,-189.39871,1111,80,0.843
114,21533,35,2,NEBRASK,100,0,1,ASHFORD,-0.185,0.441,-325.13112,1112,137,0.746
114,20729,35,3,NEBRASK,200,0,1,SMITH,0.506,0.299,-80.84463,1115,28,0.93
114,20927,65,1,NEVADA,100,0,1,TITUS,-0.296,-0.158,-114.2758,1067,39,0.898
114,21196,65,2,NEVADA,200,0,1,AMODEI,0.386,0.193,-114.3655,1055,44,0.897
114,21151,65,3,NEVADA,200,0,1,HECK,0.324,0.014,-170.65291,1074,83,0.853
114,21534,65,4,NEVADA,200,0,1,HARDY,0.353,0.209,-119.1218,1099,51,0.897
114,21535,4,1,NEW HAM,200,0,1,GUINTA,0.427,-0.073,-156.51923,1110,61,0.868
114,21340,4,2,NEW HAM,100,0,1,KUSTER,-0.259,-0.147,-128.82284,1117,50,0.891
114,21536,12,1,NEW JER,100,0,1,NORCROSS,-0.38,0.239,-129.64429,1109,66,0.89
114,29539,12,2,NEW JER,200,0,1,LOBIONDO,0.2,-0.173,-257.29224,1125,123,0.796
114,21537,12,3,NEW JER,200,0,1,MACARTHUR,0.209,0.253,-174.46908,1113,76,0.855
114,14863,12,4,NEW JER,200,0,1,SMITH,0.156,-0.175,-341.82601,1113,140,0.736
114,20336,12,5,NEW JER,200,0,1,GARRETT,0.688,-0.243,-161.0892,1099,76,0.864
114,15454,12,6,NEW JER,100,0,1,PALLONE,-0.397,-0.175,-90.07941,1106,46,0.922
114,20929,12,7,NEW JER,200,0,1,LANCE,0.338,-0.196,-205.67256,1125,101,0.833
114,20542,12,8,NEW JER,100,0,1,SIRES,-0.406,0.106,-148.89205,1070,68,0.87
114,29741,12,9,NEW JER,100,0,1,PASCRELL,-0.368,0.022,-113.862,1101,40,0.902
114,31103,12,10,NEW JER,100,0,1,PAYNE,-0.504,-0.141,-76.31124,912,30,0.92
114,29541,12,11,NEW JER,200,0,1,FRELINGH,0.28,-0.249,-224.79654,1120,86,0.818
114,21538,12,12,NEW JER,100,0,1,WATSON-COL,-0.525,-0.427,-70.45552,1115,27,0.939
114,21341,66,1,NEW MEX,100,0,1,LUJAN GRIS,-0.339,0.132,-129.23009,1072,47,0.886
114,20337,66,2,NEW MEX,200,0,1,PEARCE,0.469,0.12,-153.82796,1058,70,0.865
114,20932,66,3,NEW MEX,100,0,1,LUJAN,-0.38,0.074,-111.98001,1115,41,0.904
114,21539,13,1,NEW YOR,200,0,1,ZELDIN,0.331,-0.071,-193.83711,1120,73,0.841
114,29375,13,2,NEW YOR,200,0,1,KING,0.26,-0.017,-173.32055,1118,55,0.856
114,20129,13,3,NEW YOR,100,0,1,ISRAEL,-0.334,-0.051,-92.75235,1101,51,0.919
114,21540,13,4,NEW YOR,100,0,1,RICE,-0.272,-0.095,-147.52059,1070,81,0.871
114,29776,13,5,NEW YOR,100,0,1,MEEKS,-0.423,-0.05,-100.67058,979,31,0.902
114,21342,13,6,NEW YOR,100,0,1,MENG,-0.386,-0.109,-95.51007,1089,35,0.916
114,29378,13,7,NEW YOR,100,0,1,VELAZQUE,-0.546,-0.343,-62.9104,1113,23,0.945
114,21343,13,8,NEW YOR,100,0,1,JEFFRIES,-0.491,-0.066,-61.66672,1091,25,0.945
114,20733,13,9,NEW YOR,100,0,1,CLARKE,-0.605,-0.223,-72.49278,1107,35,0.937
114,29377,13,10,NEW YOR,100,0,1,NADLER,-0.509,-0.533,-78.29073,1036,41,0.927
114,21560,13,11,NEW YOR,200,2,2,DONOVAN,0.218,0.147,-150.73266,915,54,0.848
114,29379,13,12,NEW YOR,100,0,1,MALONEY,-0.387,-0.278,-96.05658,1073,35,0.914
114,13035,13,13,NEW YOR,100,0,1,RANGEL,-0.514,-0.341,-100.02235,1077,41,0.911
114,29925,13,14,NEW YOR,100,0,1,CROWLEY,-0.407,-0.064,-82.56487,1086,31,0.927
114,29134,13,15,NEW YOR,100,0,1,SERRANO,-0.489,-0.395,-64.42695,1119,38,0.944
114,15603,13,16,NEW YOR,100,0,1,ENGEL,-0.411,-0.058,-128.24481,1055,40,0.886
114,15612,13,17,NEW YOR,100,0,1,LOWEY,-0.39,-0.15,-97.16884,1114,43,0.916
114,21344,13,18,NEW YOR,100,0,1,MALONEY,-0.225,0.099,-199.84421,1109,87,0.835
114,21156,13,19,NEW YOR,200,0,1,GIBSON,0.203,-0.455,-347.40836,1117,178,0.733
114,20934,13,20,NEW YOR,100,0,1,TONKO,-0.423,-0.255,-84.40828,1102,31,0.926
114,21541,13,21,NEW YOR,200,0,1,STEFANIK,0.205,0.077,-182.54794,1124,73,0.85
114,21157,13,22,NEW YOR,200,0,1,HANNA,0.215,-0.145,-258.38534,1024,119,0.777
114,21101,13,23,NEW YOR,200,0,1,REED,0.3,0.115,-144.13774,1106,61,0.878
114,21542,13,24,NEW YOR,200,0,1,KATKO,0.196,-0.02,-235.64791,1113,104,0.809
114,15444,13,25,NEW YOR,100,0,1,SLAUGHTE,-0.465,-0.105,-87.2489,1107,40,0.924
114,20519,13,26,NEW YOR,100,0,1,HIGGINS,-0.347,-0.019,-101.41539,1110,36,0.913
114,21345,13,27,NEW YOR,200,0,1,COLLINS,0.363,0.266,-112.13974,1102,47,0.903
114,20340,47,1,NORTH C,100,0,1,BUTTERFI,-0.421,0.267,-95.63906,1078,31,0.915
114,21159,47,2,NORTH C,200,0,1,ELLMERS,0.406,0.338,-143.7411,1018,63,0.868
114,29546,47,3,NORTH C,200,0,1,JONES,0.243,-0.226,-1101.68809,1089,412,0.364
114,15438,47,4,NORTH C,100,0,1,PRICE,-0.339,-0.016,-87.93882,1093,29,0.923
114,20521,47,5,NORTH C,200,0,1,FOXX,0.65,0.224,-147.7495,1101,69,0.874
114,21543,47,6,NORTH C,200,0,1,WALKER,0.621,0.029,-98.18318,1104,43,0.915
114,21544,47,7,NORTH C,200,0,1,ROUZER,0.611,0.144,-91.79337,1123,49,0.922
114,21346,47,8,NORTH C,200,0,1,HUDSON,0.683,0.335,-83.27978,1052,42,0.924
114,21347,47,9,NORTH C,200,0,1,PITTENGER,0.558,0.432,-87.91131,1107,43,0.924
114,20522,47,10,NORTH C,200,0,1,MCHENRY,0.583,0.184,-99.89825,1119,36,0.915
114,21348,47,11,NORTH C,200,0,1,MEADOWS,0.622,-0.135,-127.00475,1110,50,0.892
114,21545,47,12,NORTH C,100,0,1,ADAMS,-0.47,0.005,-55.29437,1040,23,0.948
114,21349,47,13,NORTH C,200,0,1,HOLDING,0.671,0.245,-97.34046,1121,50,0.917
114,21350,36,1,NORTH D,200,0,1,CRAMER,0.375,0.352,-99.15277,1098,37,0.914
114,29550,24,1,OHIO,200,0,1,CHABOT,0.581,-0.225,-89.77717,1124,27,0.923
114,21351,24,2,OHIO,200,0,1,WENSTRUP,0.58,0.249,-102.62303,1112,44,0.912
114,21352,24,3,OHIO,100,0,1,BEATTY,-0.449,0.104,-80.74111,1108,23,0.93
114,20738,24,4,OHIO,200,0,1,JORDAN,0.701,-0.144,-125.02427,1110,70,0.893
114,20755,24,5,OHIO,200,0,1,LATTA,0.515,0.365,-81.23801,1119,31,0.93
114,21162,24,6,OHIO,200,0,1,JOHNSON,0.435,0.343,-99.82493,1121,48,0.915
114,21165,24,7,OHIO,200,0,1,GIBBS,0.446,0.391,-92.35005,1121,44,0.921
114,21564,24,8,OHIO,200,2,2,DAVIDSON,0.737,-0.19,-31.38451,281,13,0.894
114,15029,24,9,OHIO,100,0,1,KAPTUR,-0.351,0.123,-140.10452,1076,42,0.878
114,20342,24,10,OHIO,200,0,1,TURNER,0.266,0.185,-115.38075,1067,52,0.898
114,20941,24,11,OHIO,100,0,1,FUDGE,-0.587,0.114,-93.50238,1093,47,0.918
114,20130,24,12,OHIO,200,0,1,TIBERI,0.386,0.001,-119.60658,1091,57,0.896
114,20343,24,13,OHIO,100,0,1,RYAN,-0.409,0.246,-130.16687,1083,65,0.887
114,21353,24,14,OHIO,200,0,1,JOYCE,0.26,0.249,-122.42671,1095,54,0.894
114,21163,24,15,OHIO,200,0,1,STIVERS,0.302,0.267,-104.40403,1076,46,0.908
114,21164,24,16,OHIO,200,0,1,RENACCI,0.372,0.228,-143.02583,1115,78,0.88
114,21354,53,1,OKLAHOM,200,0,1,BRIDENSTIN,0.695,-0.147,-132.83657,1111,53,0.887
114,21355,53,2,OKLAHOM,200,0,1,MULLIN,0.49,0.64,-82.00355,1116,31,0.929
114,29393,53,3,OKLAHOM,200,0,1,LUCAS,0.36,0.459,-75.63036,1124,28,0.935
114,20344,53,4,OKLAHOM,200,0,1,COLE,0.337,0.408,-93.7673,1110,27,0.919
114,21546,53,5,OKLAHOM,200,0,1,RUSSELL,0.452,0.003,-195.72992,1106,59,0.838
114,21198,72,1,OREGON,100,0,1,BONAMICI,-0.397,-0.355,-80.26324,1107,40,0.93
114,29932,72,2,OREGON,200,0,1,WALDEN,0.337,-0.008,-112.31047,1122,38,0.905
114,29588,72,3,OREGON,100,0,1,BLUMENAU,-0.43,-0.631,-129.6905,1090,53,0.888
114,15410,72,4,OREGON,100,0,1,DEFAZIO,-0.429,-0.01,-230.64004,1032,92,0.8
114,20944,72,5,OREGON,100,0,1,SCHRADER,-0.199,0.083,-430.5114,1092,188,0.674
114,29777,14,1,PENNSYL,100,0,1,BRADY,-0.484,0.223,-89.77126,1070,47,0.92
114,29559,14,2,PENNSYL,100,1,1,FATTAH,-0.472,-0.054,-58.07576,687,22,0.919
114,21566,14,2,PENNSYL,100,2,2,EVANS,-0.331,-0.062,-1.70072,30,1,0.945
114,21167,14,3,PENNSYL,200,0,1,KELLY,0.319,0.51,-102.65982,1121,40,0.912
114,21356,14,4,PENNSYL,200,0,1,PERRY,0.647,-0.288,-145.03984,1118,72,0.878
114,20946,14,5,PENNSYL,200,0,1,THOMPSON,0.304,0.43,-154.23981,1122,65,0.872
114,21547,14,6,PENNSYL,200,0,1,COSTELLO,0.21,-0.052,-209.09781,1112,96,0.829
114,21168,14,7,PENNSYL,200,0,1,MEEHAN,0.217,0.092,-216.70247,1118,100,0.824
114,20524,14,8,PENNSYL,200,0,1,FITZPATRI,0.202,-0.186,-278.04712,1083,134,0.774
114,20134,14,9,PENNSYL,200,0,1,SHUSTER,0.377,0.358,-107.12412,1117,46,0.909
114,21170,14,10,PENNSYL,200,0,1,MARINO,0.357,0.583,-82.20906,1050,27,0.925
114,21171,14,11,PENNSYL,200,0,1,BARLETTA,0.274,0.414,-123.11757,1056,48,0.89
114,21357,14,12,PENNSYL,200,0,1,ROTHFUS,0.499,0.128,-96.10148,1116,43,0.917
114,21548,14,13,PENNSYL,100,0,1,BOYLE,-0.362,0.036,-129.34075,1080,59,0.887
114,29561,14,14,PENNSYL,100,0,1,DOYLE,-0.325,0.13,-141.07602,1077,56,0.877
114,20526,14,15,PENNSYL,200,0,1,DENT,0.236,-0.063,-208.01927,1124,82,0.831
114,29752,14,16,PENNSYL,200,0,1,PITTS,0.538,0.012,-115.46484,1098,49,0.9
114,21358,14,17,PENNSYL,100,0,1,CARTWRIGHT,-0.43,0.045,-113.06919,1103,44,0.903
114,20346,14,18,PENNSYL,200,0,1,MURPHY,0.257,0.21,-139.24789,1115,58,0.883
114,21172,5,1,RHODE I,100,0,1,CICILLINE,-0.396,-0.26,-71.11721,1109,23,0.938
114,20136,5,2,RHODE I,100,0,1,LANGEVIN,-0.375,0.111,-121.4136,1112,56,0.897
114,29565,48,1,SOUTH C,200,0,1,SANFORD,0.642,-0.767,-262.44879,1102,134,0.788
114,20138,48,2,SOUTH C,200,0,1,WILSON,0.545,0.148,-85.26173,1112,34,0.926
114,21174,48,3,SOUTH C,200,0,1,DUNCAN,0.742,-0.215,-124.14556,1086,49,0.892
114,21175,48,4,SOUTH C,200,0,1,GOWDY,0.672,-0.032,-73.14378,1072,30,0.934
114,21176,48,5,SOUTH C,200,0,1,MULVANEY,0.754,-0.632,-142.47058,1089,74,0.877
114,39301,48,6,SOUTH C,100,0,1,CLYBURN,-0.466,0.284,-93.91353,1072,48,0.916
114,21359,48,7,SOUTH C,200,0,1,RICE,0.584,-0.217,-165.70861,1115,75,0.862
114,21177,37,1,SOUTH D,200,0,1,NOEM,0.381,0.476,-114.55548,1103,54,0.901
114,20947,54,1,TENNESS,200,0,1,ROE,0.491,0.064,-81.30632,1027,35,0.924
114,15455,54,2,TENNESS,200,0,1,DUNCAN,0.599,-0.425,-360.38639,1108,129,0.722
114,21178,54,3,TENNESS,200,0,1,FLEISCHMA,0.489,0.386,-88.58407,1119,42,0.924
114,21179,54,4,TENNESS,200,0,1,DESJARLAIS,0.593,-0.022,-126.16643,1078,54,0.89
114,15019,54,5,TENNESS,100,0,1,COOPER,-0.162,-0.006,-362.30732,1108,142,0.721
114,21180,54,6,TENNESS,200,0,1,BLACK,0.589,0.371,-73.10867,1069,21,0.934
114,20351,54,7,TENNESS,200,0,1,BLACKBURN,0.612,0.215,-74.54488,1095,26,0.934
114,21181,54,8,TENNESS,200,0,1,FINCHER,0.526,0.181,-99.54881,845,43,0.889
114,20748,54,9,TENNESS,100,0,1,COHEN,-0.401,-0.411,-118.72682,1097,53,0.897
114,20527,49,1,TEXAS,200,0,1,GOHMERT,0.597,-0.235,-151.29761,1068,71,0.868
114,20528,49,2,TEXAS,200,0,1,POE,0.592,0.058,-157.92129,956,75,0.848
114,29143,49,3,TEXAS,200,0,1,JOHNSON,0.609,0.339,-75.32876,1025,31,0.929
114,21549,49,4,TEXAS,200,0,1,RATCLIFFE,0.74,0.108,-84.3686,1123,40,0.928
114,20352,49,5,TEXAS,200,0,1,HENSARLIN,0.706,0.124,-75.52849,1113,29,0.934
114,15085,49,6,TEXAS,200,0,1,BARTON,0.529,0.076,-112.2339,1099,49,0.903
114,20139,49,7,TEXAS,200,0,1,CULBERSO,0.501,0.476,-125.21581,1072,55,0.89
114,29760,49,8,TEXAS,200,0,1,BRADY,0.518,0.276,-69.18863,1079,26,0.938
114,20529,49,9,TEXAS,100,0,1,GREEN,-0.448,0.391,-133.63032,1092,67,0.885
114,20530,49,10,TEXAS,200,0,1,MCCAUL,0.443,0.162,-103.98579,1108,42,0.91
114,20531,49,11,TEXAS,200,0,1,CONAWAY,0.591,0.474,-85.45553,1125,31,0.927
114,29762,49,12,TEXAS,200,0,1,GRANGER,0.387,0.282,-93.42287,1053,39,0.915
114,29572,49,13,TEXAS,200,0,1,THORNBER,0.529,0.388,-92.74035,1117,42,0.92
114,21360,49,14,TEXAS,200,0,1,WEBER,0.714,0.045,-150.08623,1122,70,0.875
114,29763,49,15,TEXAS,100,0,1,HINOJOSA,-0.34,0.235,-128.93825,873,51,0.863
114,21361,49,16,TEXAS,100,0,1,OROURKE,-0.334,-0.366,-131.0697,1067,50,0.884
114,21182,49,17,TEXAS,200,0,1,FLORES,0.619,0.463,-76.98041,1111,40,0.933
114,29573,49,18,TEXAS,100,0,1,JACKSON-,-0.459,0.155,-120.81834,999,49,0.886
114,20353,49,19,TEXAS,200,0,1,NEUGEBAUE,0.628,0.322,-79.75961,1117,32,0.931
114,21362,49,20,TEXAS,100,0,1,CASTRO,-0.41,0.105,-87.9311,1046,30,0.919
114,15445,49,21,TEXAS,200,0,1,SMITH,0.423,0.066,-110.80816,1108,49,0.905
114,20948,49,22,TEXAS,200,0,1,OLSON,0.537,0.431,-73.48784,1108,22,0.936
114,21550,49,23,TEXAS,200,0,1,HURD,0.412,0.247,-103.65074,1123,51,0.912
114,20532,49,24,TEXAS,200,0,1,MARCHANT,0.601,0.239,-99.73656,1068,44,0.911
114,21364,49,25,TEXAS,200,0,1,WILLIAMS,0.609,0.266,-82.96546,1055,35,0.924
114,20355,49,26,TEXAS,200,0,1,BURGESS,0.565,-0.153,-177.09476,1120,88,0.854
114,21184,49,27,TEXAS,200,0,1,FARENTHOLD,0.543,0.087,-138.29614,1120,65,0.884
114,20533,49,28,TEXAS,100,0,1,CUELLAR,-0.238,0.686,-288.55032,1087,121,0.767
114,39304,49,29,TEXAS,100,0,1,GREEN,-0.332,0.502,-276.87755,1078,119,0.773
114,39305,49,30,TEXAS,100,0,1,JOHNSON,-0.49,0.232,-126.12054,1041,58,0.886
114,20356,49,31,TEXAS,200,0,1,CARTER,0.466,0.693,-83.57457,1052,50,0.924
114,29759,49,32,TEXAS,200,0,1,SESSIONS,0.585,0.244,-73.56123,1105,26,0.936
114,21365,49,33,TEXAS,100,0,1,VEASEY,-0.414,0.291,-147.28049,1111,79,0.876
114,21366,49,34,TEXAS,100,0,1,VELA,-0.316,0.476,-231.67427,1103,100,0.811
114,29571,49,35,TEXAS,100,0,1,DOGGETT,-0.402,-0.307,-128.83026,1113,48,0.891
114,21551,49,36,TEXAS,200,0,1,BABIN,0.716,0.092,-87.18503,1110,45,0.924
114,20357,67,1,UTAH,200,0,1,BISHOP,0.529,0.192,-120.07511,1072,39,0.894
114,21367,67,2,UTAH,200,0,1,STEWART,0.517,0.225,-108.37876,1095,37,0.906
114,20949,67,3,UTAH,200,0,1,CHAFFETZ,0.648,-0.262,-148.73076,1079,70,0.871
114,21552,67,4,UTAH,200,0,1,LOVE,0.583,-0.018,-104.61423,1108,46,0.91
114,20750,6,1,VERMONT,100,0,1,WELCH,-0.417,-0.29,-124.8411,1095,51,0.892
114,20756,40,1,VIRGINI,200,0,1,WITTMAN,0.401,0.059,-159.2398,1119,64,0.867
114,21185,40,2,VIRGINI,200,0,1,RIGELL,0.405,-0.084,-184.52576,1116,81,0.848
114,39307,40,3,VIRGINI,100,0,1,SCOTT,-0.457,0.04,-88.33158,1115,23,0.924
114,20143,40,4,VIRGINI,200,0,1,FORBES,0.407,0.218,-99.8446,1041,48,0.909
114,21186,40,5,VIRGINI,200,0,1,HURT,0.568,0,-107.94951,1085,39,0.905
114,39308,40,6,VIRGINI,200,0,1,GOODLATT,0.49,0.058,-102.19863,1113,39,0.912
114,21553,40,7,VIRGINI,200,0,1,BRAT,0.828,-0.355,-96.16309,1082,38,0.915
114,21554,40,8,VIRGINI,100,0,1,BEYER,-0.365,-0.147,-110.54709,1087,45,0.903
114,21191,40,9,VIRGINI,200,0,1,GRIFFITH,0.531,-0.415,-247.80425,1114,117,0.801
114,21555,40,10,VIRGINI,200,0,1,COMSTOCK,0.271,0.542,-108.34487,1111,37,0.907
114,20952,40,11,VIRGINI,100,0,1,CONNOLLY,-0.307,-0.008,-122.37975,1118,59,0.896
114,31101,73,1,WASHING,100,0,1,DELBENE,-0.274,-0.223,-106.11269,1122,43,0.91
114,20145,73,2,WASHING,100,0,1,LARSEN,-0.372,0.242,-143.09491,1117,61,0.88
114,21187,73,3,WASHING,200,0,1,HERRERA BEU,0.377,-0.221,-168.86452,880,84,0.825
114,21556,73,4,WASHING,200,0,1,NEWHOUSE,0.367,0.218,-125.9696,1120,57,0.894
114,20535,73,5,WASHING,200,0,1,MCMORRIS RO,0.423,0.221,-94.00578,1117,33,0.919
114,21368,73,6,WASHING,100,0,1,KILMER,-0.301,-0.061,-106.47495,1124,57,0.91
114,15613,73,7,WASHING,100,0,1,MCDERMOT,-0.666,-0.197,-108.50771,1083,51,0.905
114,20536,73,8,WASHING,200,0,1,REICHERT,0.214,-0.136,-248.26528,1089,109,0.796
114,29768,73,9,WASHING,100,0,1,SMITH,-0.281,-0.105,-123.49826,905,40,0.872
114,21369,73,10,WASHING,100,0,1,HECK,-0.325,-0.087,-101.11255,1121,38,0.914
114,21188,56,1,WEST VI,200,0,1,MCKINLEY,0.291,0.149,-188.45273,1117,88,0.845
114,21557,56,2,WEST VI,200,0,1,MOONEY,0.563,-0.216,-157.12215,1115,60,0.869
114,21558,56,3,WEST VI,200,0,1,JENKINS,0.307,0.295,-116.68452,1112,63,0.9
114,29939,25,1,WISCONS,200,0,1,RYAN,0.555,-0.223,-61.49831,514,21,0.887
114,21370,25,2,WISCONS,100,0,1,POCAN,-0.572,-0.438,-52.41527,1098,22,0.953
114,29769,25,3,WISCONS,100,0,1,KIND,-0.269,-0.09,-199.9992,1070,94,0.83
114,20537,25,4,WISCONS,100,0,1,MOORE,-0.528,-0.267,-84.54289,1046,38,0.922
114,14657,25,5,WISCONS,200,0,1,SENSENBR,0.646,-0.617,-191.6624,1125,86,0.843
114,21559,25,6,WISCONS,200,0,1,GROTHMAN,0.59,-0.202,-156.04069,1112,68,0.869
114,21189,25,7,WISCONS,200,0,1,DUFFY,0.513,-0.137,-127.50822,1071,51,0.888
114,21190,25,8,WISCONS,200,0,1,RIBBLE,0.603,-0.333,-208.95525,1099,84,0.827
114,20953,68,1,WYOMING,200,0,1,LUMMIS,0.675,-0.357,-159.92233,1107,73,0.865
114,49700,41,0,ALABAMA,200,0,1,SESSIONS,0.551,0.165,-107.71984,410,46,0.769
114,94659,41,0,ALABAMA,200,0,1,SHELBY,0.437,0.591,-98.93168,403,43,0.782
114,40300,81,0,ALASKA,200,0,1,MURKOWSKI,0.207,-0.313,-136.3443,413,66,0.719
114,41500,81,0,ALASKA,200,0,1,SULLIVAN,0.464,0.128,-100.84948,412,34,0.783
114,20100,61,0,ARIZONA,200,0,1,FLAKE,0.829,-0.559,-139.47494,407,67,0.71
114,15039,61,0,ARIZONA,200,0,1,MCCAIN,0.382,-0.621,-117.30727,410,59,0.751
114,21301,42,0,ARKANSA,200,0,1,COTTON,0.613,0.239,-66.05738,410,26,0.851
114,20101,42,0,ARKANSA,200,0,1,BOOZMAN,0.399,0.313,-68.74228,418,20,0.848
114,15011,71,0,CALIFOR,100,0,1,BOXER,-0.45,-0.423,-46.4471,368,22,0.881
114,49300,71,0,CALIFOR,100,0,1,FEINSTEIN,-0.263,-0.188,-55.74844,407,30,0.872
114,21112,62,0,COLORAD,200,0,1,GARDNER,0.448,0.121,-115.47889,414,43,0.757
114,40910,62,0,COLORAD,100,0,1,BENNET,-0.211,-0.138,-74.60916,420,35,0.837
114,41101,1,0,CONNECT,100,0,1,BLUMENTHAL,-0.374,-0.198,-45.02133,418,16,0.898
114,20707,1,0,CONNECT,100,0,1,MURPHY,-0.313,-0.18,-46.17544,418,16,0.895
114,40916,11,0,DELAWAR,100,0,1,COONS,-0.302,-0.249,-44.38805,403,24,0.896
114,15015,11,0,DELAWAR,100,0,1,CARPER,-0.174,-0.222,-90.86579,409,37,0.801
114,41102,43,0,FLORIDA,200,0,1,RUBIO,0.577,-0.236,-84.5957,298,32,0.753
114,14651,43,0,FLORIDA,100,0,1,NELSON,-0.189,0.314,-95.6803,394,40,0.784
114,41501,44,0,GEORGIA,200,0,1,PERDUE,0.678,-0.368,-93.44822,415,41,0.798
114,29909,44,0,GEORGIA,200,0,1,ISAKSON,0.403,0.01,-75.18178,418,27,0.835
114,20713,82,0,HAWAII,100,0,1,HIRONO,-0.511,-0.041,-37.87733,419,11,0.914
114,41112,82,0,HAWAII,100,0,1,SCHATZ,-0.439,-0.084,-43.54004,417,16,0.901
114,40902,63,0,IDAHO,200,0,1,RISCH,0.637,0.677,-62.43484,419,30,0.862
114,29345,63,0,IDAHO,200,0,1,CRAPO,0.509,0.332,-75.03392,412,37,0.834
114,15021,21,0,ILLINOI,100,0,1,DURBIN,-0.366,-0.39,-38.91729,411,16,0.91
114,20115,21,0,ILLINOI,200,0,1,KIRK,0.274,-0.647,-139.86855,402,65,0.706
114,14806,22,0,INDIANA,200,0,1,COATS,0.375,-0.227,-111.40278,411,44,0.763
114,20717,22,0,INDIANA,100,0,1,DONNELLY,-0.119,0.432,-115.15327,416,48,0.758
114,14226,31,0,IOWA,200,0,1,GRASSLEY,0.34,-0.052,-112.03254,420,48,0.766
114,41502,31,0,IOWA,200,0,1,ERNST,0.502,0.06,-64.29718,420,27,0.858
114,29722,32,0,KANSAS,200,0,1,MORAN,0.401,0.407,-100.0277,409,49,0.783
114,14852,32,0,KANSAS,200,0,1,ROBERTS,0.415,-0.102,-70.90564,414,29,0.843
114,41104,51,0,KENTUCK,200,0,1,PAUL,0.866,-0.5,-217.10796,401,99,0.582
114,14921,51,0,KENTUCK,200,0,1,MCCONNELL,0.404,0.027,-155.55559,420,62,0.69
114,29918,45,0,LOUISIA,200,0,1,VITTER,0.495,0.323,-65.55047,370,32,0.838
114,20919,45,0,LOUISIA,200,0,1,CASSIDY,0.444,-0.001,-78.99987,416,33,0.827
114,49703,2,0,MAINE,200,0,1,COLLINS,0.106,-0.597,-159.38758,420,84,0.684
114,41300,2,0,MAINE,328,0,1,KING,-0.168,-0.339,-100.86855,413,53,0.783
114,14440,52,0,MARYLAN,100,0,1,MIKULSKI,-0.37,-0.128,-40.75285,399,20,0.903
114,15408,52,0,MARYLAN,100,0,1,CARDIN,-0.33,-0.266,-46.83656,420,15,0.894
114,41301,3,0,MASSACH,100,0,1,WARREN,-0.709,-0.387,-38.57482,420,14,0.912
114,14435,3,0,MASSACH,100,0,1,MARKEY,-0.498,-0.464,-50.8489,414,23,0.884
114,29732,23,0,MICHIGA,100,0,1,STABENOW,-0.328,0.021,-47.79265,415,19,0.891
114,20923,23,0,MICHIGA,100,0,1,PETERS,-0.233,-0.191,-49.69629,415,16,0.887
114,40700,33,0,MINNESO,100,0,1,KLOBUCHAR,-0.237,-0.182,-54.06052,414,20,0.878
114,40904,33,0,MINNESO,100,0,1,FRANKEN,-0.439,-0.147,-41.70153,407,21,0.903
114,14009,46,0,MISSISS,200,0,1,COCHRAN,0.284,0.084,-73.6615,416,23,0.838
114,29534,46,0,MISSISS,200,0,1,WICKER,0.374,0.435,-63.89465,415,25,0.857
114,40701,34,0,MISSOUR,100,0,1,MCCASKILL,-0.143,-0.046,-93.23441,404,36,0.794
114,29735,34,0,MISSOUR,200,0,1,BLUNT,0.428,0.356,-80.7033,408,37,0.821
114,21338,64,0,MONTANA,200,0,1,DAINES,0.52,0.027,-101.92088,420,44,0.785
114,40702,64,0,MONTANA,100,0,1,TESTER,-0.205,0.031,-105.12603,420,41,0.779
114,41503,35,0,NEBRASK,200,0,1,SASSE,0.833,-0.423,-94.11114,418,49,0.798
114,41302,35,0,NEBRASK,200,0,1,FISCHER,0.462,0.415,-65.68603,420,22,0.855
114,20730,65,0,NEVADA,200,0,1,HELLER,0.452,-0.338,-181.04646,408,85,0.642
114,15054,65,0,NEVADA,100,0,1,REID,-0.276,0.258,-68.81173,364,35,0.828
114,41106,4,0,NEW HAM,200,0,1,AYOTTE,0.351,-0.612,-126.06028,416,57,0.739
114,40906,4,0,NEW HAM,100,0,1,SHAHEEN,-0.283,-0.457,-50.6687,420,26,0.886
114,29373,12,0,NEW JER,100,0,1,MENENDEZ,-0.362,-0.124,-73.39998,415,30,0.838
114,41308,12,0,NEW JER,100,0,1,BOOKER,-0.498,-0.576,-39.46024,416,13,0.91
114,20930,66,0,NEW MEX,100,0,1,HEINRICH,-0.28,-0.04,-50.00252,418,21,0.887
114,29924,66,0,NEW MEX,100,0,1,UDALL,-0.458,0.17,-48.78529,418,21,0.89
114,20735,13,0,NEW YOR,100,0,1,GILLIBRAND,-0.305,0.004,-72.65496,419,34,0.841
114,14858,13,0,NEW YOR,100,0,1,SCHUMER,-0.35,-0.431,-43.87336,419,16,0.901
114,29548,47,0,NORTH C,200,0,1,BURR,0.453,-0.026,-92.62992,417,37,0.801
114,41504,47,0,NORTH C,200,0,1,TILLIS,0.441,-0.052,-76.59631,418,36,0.833
114,41303,36,0,NORTH D,100,0,1,HEITKAMP,-0.15,0.445,-111.81409,419,51,0.766
114,41107,36,0,NORTH D,200,0,1,HOEVEN,0.334,0.415,-66.7423,417,29,0.852
114,29389,24,0,OHIO,100,0,1,BROWN,-0.443,-0.163,-39.92644,409,19,0.907
114,29386,24,0,OHIO,200,0,1,PORTMAN,0.37,-0.204,-137.07146,416,64,0.719
114,15424,53,0,OKLAHOM,200,0,1,INHOFE,0.552,0.039,-61.88004,410,27,0.86
114,21166,53,0,OKLAHOM,200,0,1,LANKFORD,0.562,0.286,-109.57279,419,46,0.77
114,40908,72,0,OREGON,100,0,1,MERKLEY,-0.438,-0.899,-45.35609,416,23,0.897
114,14871,72,0,OREGON,100,0,1,WYDEN,-0.313,-0.441,-70.96,415,33,0.843
114,40703,14,0,PENNSYL,100,0,1,CASEY,-0.298,0.229,-79.5735,415,28,0.826
114,29935,14,0,PENNSYL,200,0,1,TOOMEY,0.623,-0.228,-83.08094,400,32,0.812
114,40704,5,0,RHODE I,100,0,1,WHITEHOUSE,-0.429,-0.362,-50.55533,419,25,0.886
114,29142,5,0,RHODE I,100,0,1,REED,-0.39,-0.289,-39.69264,420,14,0.91
114,21173,48,0,SOUTH C,200,0,1,SCOTT,0.668,0.069,-77.43327,411,39,0.828
114,29566,48,0,SOUTH C,200,0,1,GRAHAM,0.409,-0.161,-86.00694,321,40,0.765
114,29754,37,0,SOUTH D,200,0,1,THUNE,0.408,0.186,-70.38147,419,35,0.845
114,41505,37,0,SOUTH D,200,0,1,ROUNDS,0.382,0.03,-66.98725,416,17,0.851
114,40705,54,0,TENNESS,200,0,1,CORKER,0.39,-0.288,-120.89258,410,48,0.745
114,40304,54,0,TENNESS,200,0,1,ALEXANDER,0.321,-0.128,-105.69172,412,39,0.774
114,40305,49,0,TEXAS,200,0,1,CORNYN,0.499,-0.007,-70.8464,413,30,0.842
114,41304,49,0,TEXAS,200,0,1,CRUZ,0.858,-0.196,-112.02981,304,50,0.692
114,41110,67,0,UTAH,200,0,1,LEE,0.861,-0.509,-146.56057,388,70,0.685
114,14503,67,0,UTAH,200,0,1,HATCH,0.383,-0.014,-78.21747,416,28,0.829
114,29147,6,0,VERMONT,328,0,1,SANDERS,-0.509,-0.297,-71.7671,315,31,0.796
114,14307,6,0,VERMONT,100,0,1,LEAHY,-0.375,-0.15,-46.06013,414,22,0.895
114,41305,40,0,VIRGINI,100,0,1,KAINE,-0.227,-0.136,-70.19655,410,36,0.843
114,40909,40,0,VIRGINI,100,0,1,WARNER,-0.203,-0.077,-75.74562,386,41,0.822
114,39310,73,0,WASHING,100,0,1,CANTWELL,-0.288,-0.422,-45.72223,420,21,0.897
114,49308,73,0,WASHING,100,0,1,MURRAY,-0.342,-0.322,-47.23242,414,27,0.892
114,40915,56,0,WEST VI,100,0,1,MANCHIN,-0.06,0.424,-164.10011,413,66,0.672
114,20146,56,0,WEST VI,200,0,1,CAPITO,0.255,0.09,-86.9981,418,33,0.812
114,41111,25,0,WISCONS,200,0,1,JOHNSON,0.589,-0.25,-78.8871,411,34,0.825
114,29940,25,0,WISCONS,100,0,1,BALDWIN,-0.55,-0.248,-51.10977,420,23,0.885
114,49706,68,0,WYOMING,200,0,1,ENZI,0.541,0.228,-88.89136,403,36,0.802
114,40707,68,0,WYOMING,200,0,1,BARRASSO,0.53,0.286,-76.58316,419,28,0.833
