,Region,Source,RA,Dec,dist,Disk,starmass,logMacc_PPVII,mmflux,submmflux,DiskMass,acc
0,Lupus,Sz65,15:39:27.753,-34:46:17.577,153.47,II,0.61,-9.48,0.12,0.3,2119.0,3.3113112148259076e-10
1,Lupus,Sz66,15:39:28.264,-34:46:18.450,155.92,II,0.29100000000000004,-8.508,0.13,0.27,469.00000000000006,3.104559588128362e-09
2,Lupus,J15430131-3409153,15:43:01.290,-34:09:15.400,158.0,F,,,0.12,0.39,,
3,Lupus,J15430227-3444059,15:43:02.290,-34:44:06.200,158.0,F,,,0.1,0.34,,
4,Lupus,J15445789-3423392,15:44:57.900,-34:23:39.500,153.95,II,0.087,-10.68,0.1,0.24,,2.089296130854041e-11
5,Lupus,J15450634-3417378,15:45:06.322,-34:17:38.332,158.0,F,,,0.11,0.34,464.0,
6,Lupus,J15450887-3417333,15:45:08.852,-34:17:33.835,154.81,II,0.092,-8.156,0.12,0.4,1491.0,6.982324040771704e-09
7,Lupus,Sz68,15:45:12.849,-34:17:31.071,158.0,II,1.32,-8.12,0.18,0.61,4980.0,7.58577575029185e-09
8,Lupus,Sz69,15:45:17.391,-34:18:28.685,152.56,II,0.15,-9.344,0.11,0.24,563.0,4.5289757990362134e-10
9,Lupus,Sz71,15:46:44.709,-34:30:36.054,155.2,II,0.414,-9.033,0.12,0.37,5006.0,9.268298233793504e-10
10,Lupus,Sz72,15:47:50.608,-35:28:35.779,156.71,II,0.374,-8.601,0.11,0.23,409.0,2.5061092530321086e-09
11,Lupus,Sz73,15:47:56.922,-35:14:35.185,157.82,II,0.7,-8.05,0.11,0.39,811.0,8.912509381337441e-09
12,Lupus,Sz74,15:48:05.213,-35:15:53.342,158.0,II,0.3,-7.813,0.13,0.29,615.0,1.5381546403030356e-08
13,Lupus,Sz75,15:49:12.086,-35:39:05.463,158.0,II,0.61,-7.44,0.09,0.34,2558.0,3.63078054770101e-08
14,Lupus,Sz76,15:49:30.719,-35:49:51.825,156.4,II,0.188,-9.109,0.08,0.35,346.0,7.78036551039804e-10
15,Lupus,Sz77,15:51:46.941,-35:56:44.531,155.25,II,0.67,-8.69,0.08,0.2,138.0,2.0417379446695317e-09
16,Lupus,Sz81A,15:55:50.264,-38:01:34.087,158.23,II,0.188,-8.886000000000003,0.12,0.23,319.0,1.300169578033282e-09
17,Lupus,J15560210-3655282,15:56:02.084,-36:55:28.666,157.96,II,,,0.08,0.35,1762.0,
18,Lupus,Sz82,15:56:09.192,-37:56:06.452,155.82,II,0.72,-7.85,0.14,0.21,13722.0,1.4125375446227554e-08
19,Lupus,Sz83,15:56:42.293,-37:49:15.861,158.0,II,0.55,-7.0,0.16,0.56,12522.0,1e-07
20,Lupus,Sz84,15:58:02.501,-37:36:03.146,158.0,TD,0.149,-9.077,0.11,0.32,948.0,8.375292821268827e-10
21,Lupus,Sz129,15:59:16.454,-41:57:10.675,160.13,II,0.73,-8.27,0.12,0.33,5849.0,5.370317963702533e-09
22,Lupus,J15592523-4235066,15:59:25.205,-42:35:06.987,147.25,II,0.085,-11.02,0.1,0.24,35.0,9.549925860214368e-12
23,Lupus,RYLup,15:59:28.374,-40:21:51.559,158.0,TD,1.27,-8.05,0.15,0.5,6459.999999999999,8.912509381337441e-09
24,Lupus,J16000060-4221567,16:00:00.584,-42:21:57.203,159.43,II,0.149,-9.583,0.11,0.25,74.0,2.612161354399205e-10
25,Lupus,J16000236-4222145,16:00:02.340,-42:22:14.962,160.39,II,0.189,-9.484,0.13,0.34,3863.0000000000014,3.2809529311311904e-10
26,Lupus,J16002612-4153553,16:00:26.099,-41:53:55.782,163.17,II,0.108,-9.621,0.1,0.25,34.0,2.393315756405385e-10
27,Lupus,Sz130,16:00:31.022,-41:43:37.387,159.18,II,0.394,-9.097,0.1,0.24,150.0,7.998342550070292e-10
28,Lupus,MYLup,16:00:44.500,-41:55:31.319,158.0,TD,1.19,-8.0,0.13,0.56,5035.0,1e-08
29,Lupus,Sz131,16:00:49.414,-41:30:04.263,160.62,II,0.301,-9.171,0.1,0.23,261.0,6.745280276979229e-10
30,Lupus,J16011549-4152351,16:01:15.531,-41:52:35.515,158.0,II,,,0.1,0.57,1632.9999999999998,
31,Lupus,EXLup,16:03:05.476,-40:18:25.834,154.72,II,0.57,-7.81,0.09,0.35,1403.0,1.5488166189124828e-08
32,Lupus,Sz133,16:03:29.375,-41:40:02.247,158.0,II,,,0.1,0.55,2027.0,
33,Lupus,Sz88A,16:07:00.582,-39:02:19.913,157.64,II,0.653,-8.535,0.12,0.27,278.0,2.9174270140011657e-09
34,Lupus,Sz88B,16:07:00.620,-39:02:18.100,158.37,II,0.146,-9.904,0.1,0.26,,1.2473835142429432e-10
35,Lupus,J16070384-3911113,16:07:03.829,-39:11:11.900,158.0,TD,,,0.11,0.25,74.0,
36,Lupus,J16070854-3914075,16:07:08.535,-39:14:07.939,171.28,TD,,,0.12,0.49,3066.0,
37,Lupus,Sz90,16:07:10.054,-39:11:03.647,160.37,II,0.73,-8.93,0.1,0.37,676.0,1.1748975549395303e-09
38,Lupus,Sz91,16:07:11.575,-39:03:47.827,159.39,TD,0.52,-9.081,0.1,0.06,727.0,8.298507675144234e-10
39,Lupus,J16073773-3921388,16:07:37.710,-39:21:39.116,162.45,II,0.067,-10.19,0.1,0.23,44.0,6.456542290346562e-11
40,Lupus,Sz95,16:07:52.293,-38:58:06.446,160.47,II,0.29100000000000004,-9.381,0.11,0.25,139.0,4.159106104940219e-10
41,Lupus,J16075475-3915446,16:07:54.760,-39:15:44.811,158.0,F,,,0.1,0.33,37.0,
42,Lupus,J16080017-3902595,16:08:00.157,-39:02:59.883,161.13,II,0.077,-10.27,0.1,0.21,96.0,5.370317963702533e-11
43,Lupus,J16080175-3912316,16:08:01.750,-39:12:31.600,158.0,II,,,0.1,0.34,,
44,Lupus,Sz96,16:08:12.615,-39:08:33.835,155.97,II,0.463,-9.387,0.1,0.24,104.0,4.102041029866064e-10
45,Lupus,J16081497-3857145,16:08:14.960,-38:57:14.910,150.83,II,0.065,-10.28,0.1,0.25,232.0,5.248074602497734e-11
46,Lupus,Sz97,16:08:21.787,-39:04:21.860,157.34,II,0.195,-9.769,0.1,0.23,147.0,1.70215850839495e-10
47,Lupus,Sz98,16:08:22.479,-39:04:46.857,156.27,II,0.55,-7.44,0.1,0.51,7584.999999999999,3.63078054770101e-08
48,Lupus,Sz99,16:08:24.040,-39:05:49.400,158.29,II,0.184,-9.607,0.1,0.22,,2.4717241450161343e-10
49,Lupus,Sz100,16:08:25.747,-39:06:01.601,158.0,TD,0.13,-9.614,0.13,0.3,1629.0,2.432204009073811e-10
50,Lupus,J160828.1-391310,16:08:28.100,-39:13:10.000,169.79,II,0.07,-11.32,0.1,0.24,,4.78630092322638e-12
51,Lupus,Sz102,16:08:29.725,-39:03:11.409,158.0,II,,,0.08,0.34,465.00000000000006,
52,Lupus,Sz103,16:08:30.254,-39:06:11.538,157.15,II,0.193,-9.251,0.1,0.24,353.0,5.610479760324712e-10
53,Lupus,J16083070-3828268,16:08:30.687,-38:28:27.280,158.0,TD,1.27,-9.2,0.15,0.48,2908.0,6.309573444801942e-10
54,Lupus,Sz104,16:08:30.798,-39:05:49.238,159.81,II,0.108,-9.844,0.1,0.25,82.0,1.4321878992735453e-10
55,Lupus,J160831.1-385600,16:08:31.100,-38:56:00.000,158.0,F,,,0.1,0.32,,
56,Lupus,V856Sco,16:08:34.274,-39:06:18.737,158.59,II,,,0.12,0.36,1741.0,
57,Lupus,V1094Sco,16:08:36.160,-39:23:02.879,158.0,II,,,0.09,0.37,13505.000000000002,
58,Lupus,Sz106,16:08:39.743,-39:06:25.701,158.72,II,0.551,-10.09,0.1,0.26,54.0,8.128305161640995e-11
59,Lupus,Sz108B,16:08:42.870,-39:06:15.039,161.22,II,0.124,-9.512,0.11,0.26,928.0,3.076096814740705e-10
60,Lupus,J16084940-3905393,16:08:49.382,-39:05:39.825,160.19,II,0.189,-9.666,0.1,0.21,53.0,2.1577444091526645e-10
61,Lupus,V1192Sco,16:08:51.425,-39:05:30.890,147.1,II,,,0.1,0.24,23.0,
62,Lupus,Sz110,16:08:51.553,-39:03:18.087,157.49,II,0.189,-8.751,0.11,0.23,549.0,1.774189480890168e-09
63,Lupus,J16085324-3914401,16:08:53.227,-39:14:40.553,163.0,II,0.29100000000000004,-10.03,0.11,0.23,637.0,9.332543007969924e-11
64,Lupus,J16085373-3914367,16:08:53.725,-39:14:37.170,148.72,II,0.068,-10.81,0.1,0.2,69.0,1.5488166189124796e-11
65,Lupus,Sz111,16:08:54.671,-39:37:43.528,158.37,TD,0.52,-9.473,0.13,0.33,4544.0,3.3651156937549014e-10
66,Lupus,J16085529-3848481,16:08:55.275,-38:48:48.551,155.61,II,0.071,-10.6,0.1,0.26,52.0,2.5118864315095823e-11
67,Lupus,Sz112,16:08:55.513,-39:02:34.359,159.3,II,0.136,-9.82,0.1,0.21,111.0,1.5135612484362072e-10
68,Lupus,Sz113,16:08:57.786,-39:02:23.260,160.53,II,0.136,-8.99,0.1,0.22,810.0,1.0232929922807536e-09
69,Lupus,J16085828-3907355,16:08:58.270,-39:07:35.500,158.0,II,,,0.1,0.31,,
70,Lupus,J16085834-3907491,16:08:58.300,-39:07:49.400,158.0,II,,,0.1,0.34,,
71,Lupus,J16090141-3925119,16:09:01.400,-39:25:12.375,159.2,TD,0.198,-9.893,0.11,0.3,421.0,1.2793813041575227e-10
72,Lupus,Sz114,16:09:01.831,-39:05:12.805,156.76,II,0.16,-9.1,0.11,0.32,3061.0,7.943282347242822e-10
73,Lupus,Sz115,16:09:06.210,-39:08:51.800,155.82,II,0.153,-9.448,0.1,0.24,,3.564511334262439e-10
74,Lupus,J16091644-3904438,16:09:16.430,-39:04:43.700,158.0,II,,,0.1,0.34,,
75,Lupus,J16092032-3904015,16:09:20.300,-39:04:01.600,158.0,II,,,0.1,0.34,,
76,Lupus,J16092317-3904074,16:09:23.150,-39:04:07.400,158.0,II,,,0.1,0.34,,
77,Lupus,J16092697-3836269,16:09:26.967,-38:36:27.324,159.19,II,0.149,-8.107999999999999,0.1,0.35,134.0,7.798301105232609e-09
78,Lupus,J160934.2-391513,16:09:34.180,-39:15:12.700,158.0,F,,,0.1,0.34,,
79,Lupus,J16093928-3904316,16:09:39.290,-39:04:31.800,158.0,II,,,0.1,0.33,,
80,Lupus,Sz117,16:09:44.348,-39:13:30.555,156.95,II,0.237,-8.88,0.1,0.25,315.0,1.3182567385564047e-09
81,Lupus,Sz118,16:09:48.641,-39:11:17.257,161.46,TD,0.83,-9.11,0.13,0.57,1837.0,7.762471166286927e-10
82,Lupus,J16095628-3859518,16:09:56.281,-38:59:51.973,157.07,II,0.057,-10.7,0.11,0.24,222.00000000000003,1.9952623149688828e-11
83,Lupus,J16100133-3906449,16:10:01.320,-39:06:44.900,184.12,II,0.1,-9.625,0.1,0.3,,2.371373705661655e-10
84,Lupus,J16101307-3846165,16:10:13.060,-38:46:16.800,145.15,F,,,0.1,0.24,,
85,Lupus,J16101857-3836125,16:10:18.560,-38:36:13.000,160.6,II,0.096,-10.49,0.1,0.22,,3.235936569296281e-11
86,Lupus,J16101984-3836065,16:10:19.840,-38:36:06.800,158.76,II,0.061,-10.35,0.1,0.23,,4.4668359215096346e-11
87,Lupus,J16102741-3902299,16:10:27.430,-39:02:30.200,158.0,F,,,0.1,0.33,,
88,Lupus,J16102955-3922144,16:10:29.535,-39:22:14.906,160.44,TD,0.153,-9.923,0.1,0.22,227.0,1.193988104464273e-10
89,Lupus,Sz123B,16:10:51.310,-38:53:12.800,158.0,II,0.387,-10.23,0.1,0.24,,5.888436553555884e-11
90,Lupus,Sz123A,16:10:51.574,-38:53:14.171,162.19,TD,0.557,-9.177,0.11,0.32,1270.0,6.65273156201742e-10
91,Lupus,J16115979-3823383,16:11:59.810,-38:23:38.500,160.4,II,,,0.1,0.21,,
92,Lupus,J16120445-3809589,16:12:04.480,-38:09:59.000,158.0,F,,,0.1,0.35,,
93,Lupus,J16124373-3815031,16:12:43.736,-38:15:03.471,159.85,II,0.47,-9.084,0.1,0.38,904.0,8.24138115013003e-10
94,Lupus,J16134410-3736462,16:13:44.082,-37:36:46.598,158.55,II,0.096,-9.012,0.1,0.39,52.0,9.727472237769642e-10
95,Lupus,AKC2006-18,15:41:40.82,-33:45:19.0,151.86,II,0.044,-10.99,,0.08,,1.0232929922807536e-11
96,Lupus,J154518.5-342125,15:45:18.53,-34:21:24.8,153.02,II,0.062,-10.54,,0.12,138.0,2.8840315031266117e-11
97,Lupus,Lup706,16:08:37.30,-39:23:10.8,170.7,II,0.043,-11.63,,0.1,24.0,2.3442288153199178e-12
98,Lupus,SONYC-Lup3-7,16:08:59.53,-38:56:27.6,155.85,II,0.023,-10.88,,0.07,13.0,1.3182567385564048e-11
99,Lupus,SONYC-Lup3-10,16:09:13.43,-38:58:04.9,158.0,II,0.023,-105.3,,0.07,,5.011872336272755e-106
100,USco,J15354856-2958551,15:35:48.565,-29:58:55.182,87.84,Full,0.136,-9.91,,,15.0,1.2302687708123812e-10
101,USco,J15514032-2146103,15:51:40.321,-21:46:10.387,140.84,Evolved,0.14300000000000002,-10.15,,,15.0,7.079457843841374e-11
102,USco,J15521088-2125372,15:52:10.885,-21:25:37.200,154.94,Full,,,,,,
103,USco,J15530132-2114135,15:53:01.322,-21:14:13.564,143.04,Full,0.142,-9.696,,,120.0,2.0137242498623894e-10
104,USco,J15534211-2049282,15:53:42.119,-20:49:28.218,142.0,Full,0.198,-9.242,,,63.0,5.727960309858281e-10
105,USco,J15551704-2322165,15:55:17.041,-23:22:16.597,142.0,Debris/Ev. Trans.,,,,,,
106,USco,J15554883-2512240,15:55:48.834,-25:12:24.098,143.57,Debris/Ev. Trans.,,,,,,
107,USco,J15562477-2225552,15:56:24.774,-22:25:55.258,142.38,Full,,,,0.15,,
108,USco,J15570641-2206060,15:57:06.419,-22:06:06.098,145.33,Full,,,,0.2,,
109,USco,J15572986-2258438,15:57:29.862,-22:58:43.846,142.0,Evolved,,,,0.19,,
110,USco,J15581270-2328364,15:58:12.708,-23:28:36.408,145.7,Debris/Ev. Trans.,,,,,,
111,USco,J15582981-2310077,15:58:29.813,-23:10:07.716,141.13,Full,0.14400000000000002,-9.054,,0.2,119.0,8.830799004185622e-10
112,USco,J15583692-2257153,15:58:36.921,-22:57:15.336,167.34,Full,1.48,-7.71,,,4973.0,1.9498445997580454e-08
113,USco,J15584772-1757595,15:58:47.728,-17:57:59.548,138.21,Debris/Ev. Trans.,,,,,,
114,USco,J16001330-2418106,16:00:13.304,-24:18:10.627,146.57,Debris/Ev. Trans.,,,,,,
115,USco,J16001730-2236504,16:00:17.301,-22:36:50.461,145.1,Full,,,,,,
116,USco,J16001844-2230114,16:00:18.441,-22:30:11.488,142.0,Full,0.152,-8.474,,,83.0,3.3573761424295453e-09
117,USco,J16014086-2258103,16:01:40.869,-22:58:10.384,135.85,Full,0.319,-8.221,,,65.0,6.011737374832779e-09
118,USco,J16014157-2111380,16:01:41.573,-21:11:38.080,141.56,Full,,,,,13.0,
119,USco,J16020039-2221237,16:02:00.391,-22:21:23.738,141.58,Debris/Ev. Trans.,,,,,,
120,USco,J16020287-2236139,16:02:02.878,-22:36:13.954,142.0,Debris/Ev. Trans.,,,,,,
121,USco,J16020757-2257467,16:02:07.575,-22:57:46.778,140.68,Full,0.449,-10.98,,,106.0,1.0471285480508986e-11
122,USco,J16024152-2138245,16:02:41.524,-21:38:24.562,140.54,Full,0.07400000000000001,-9.316,,,206.0,4.830588020397719e-10
123,USco,J16025123-2401574,16:02:51.235,-24:01:57.450,145.03,Debris/Ev. Trans.,,,,,,
124,USco,J16030161-2207523,16:03:01.616,-22:07:52.399,140.36,Full,,,,,56.00000000000001,
125,USco,J16031329-2112569,16:03:13.298,-21:12:56.905,137.61,Full,,,,,,
126,USco,J16032225-2413111,16:03:22.252,-24:13:11.118,140.05,Full,,,,,48.0,
127,USco,J16035767-2031055,16:03:57.677,-20:31:05.513,142.86,Full,0.8,-8.98,,0.45,89.0,1.0471285480508984e-09
128,USco,J16035793-1942108,16:03:57.936,-19:42:10.818,154.19,Full,0.422,-12.21,,,28.000000000000004,6.16595001861481e-13
129,USco,J16041740-1942287,16:04:17.405,-19:42:28.739,154.1,Full,0.306,-11.26,,,21.0,5.495408738576248e-12
130,USco,J16042165-2130284,16:04:21.655,-21:30:28.400,145.31,Transitional,1.13,-10.48,,0.19,4690.0,3.311311214825908e-11
131,USco,J16043916-1942459,16:04:39.169,-19:42:45.972,150.94,Debris/Ev. Trans.,,,,,11.0,
132,USco,J16050231-1941554,16:05:02.315,-19:41:55.435,154.35,Debris/Ev. Trans.,,,,,,
133,USco,J16052459-1954419,16:05:24.592,-19:54:41.904,152.48,Debris/Ev. Trans.,,,,,,
134,USco,J16052556-2035397,16:05:25.564,-20:35:39.710,142.0,Evolved,,,,0.19,33.0,
135,USco,J16052661-1957050,16:05:26.611,-19:57:05.051,142.0,Evolved,,,,,,
136,USco,J16053215-1933159,16:05:32.152,-19:33:15.995,152.33,Evolved,,,,0.23,,
137,USco,J16054540-2023088,16:05:45.403,-20:23:08.815,138.72,Full,0.152,-9.358,,,149.0,4.385306977749851e-10
138,USco,J16055863-1949029,16:05:58.638,-19:49:02.964,152.15,Evolved,,,,,,
139,USco,J16060061-1957114,16:06:00.616,-19:57:11.455,142.0,Evolved,,,,0.13,,
140,USco,J16061330-2212537,16:06:13.309,-22:12:53.773,140.29,Debris/Ev. Trans.,,,,,,
141,USco,J16062196-1928445,16:06:21.963,-19:28:44.566,142.0,Transitional,0.475,-8.225,,0.53,87.0,5.956621435290109e-09
142,USco,J16062277-2011243,16:06:22.778,-20:11:24.400,153.48,Transitional,,,,0.13,14.000000000000002,
143,USco,J16063539-2516510,16:06:35.390,-25:16:51.100,138.74,Evolved,0.13,-11.88,,,33.0,1.3182567385564048e-12
144,USco,J16064102-2455489,16:06:41.021,-24:55:48.961,152.9,Evolved,,,,,72.0,
145,USco,J16064115-2517044,16:06:41.159,-25:17:04.441,152.09,Evolved,,,,,,
146,USco,J16064385-1908056,16:06:43.858,-19:08:05.604,142.0,Evolved,0.78,-9.54,,0.47,18.0,2.8840315031266117e-10
147,USco,J16070014-2033092,16:07:00.143,-20:33:09.274,139.3,Full,,,,,,
148,USco,J16070211-2019387,16:07:02.118,-20:19:38.770,146.68,Full,,,,0.2,,
149,USco,J16070873-1927341,16:07:08.731,-19:27:34.171,149.13,Debris/Ev. Trans.,,,,,,
150,USco,J16071971-2020555,16:07:19.720,-20:20:55.565,156.28,Debris/Ev. Trans.,,,,,,
151,USco,J16072625-2432079,16:07:26.254,-24:32:07.951,144.57,Full,0.29100000000000004,-9.323,,,278.0,4.753352259428049e-10
152,USco,J16072747-2059442,16:07:27.479,-20:59:44.207,142.0,Evolved,,,,,45.0,
153,USco,J16073939-1917472,16:07:39.396,-19:17:47.238,139.64,Debris/Ev. Trans.,,,,,11.0,
154,USco,J16075796-2040087,16:07:57.968,-20:40:08.731,142.0,Full,,,,,501.0,
155,USco,J16080555-2218070,16:08:05.550,-22:18:07.027,144.49,Debris/Ev. Trans.,,,,,,
156,USco,J16081566-2222199,16:08:15.664,-22:22:19.974,139.61,Full,0.413,-10.7,,,19.0,1.9952623149688828e-11
157,USco,J16082324-1930009,16:08:23.246,-19:30:00.932,137.82,Full,0.6459999999999999,-9.138,,0.52,833.0,7.277798045368243e-10
158,USco,J16082751-1949047,16:08:27.520,-19:49:04.721,142.0,Evolved,0.092,-9.495,,0.16,16.0,3.198895109691404e-10
159,USco,J16083455-2211559,16:08:34.553,-22:11:55.918,139.06,Evolved,,,,,,
160,USco,J16084894-2400045,16:08:48.944,-24:00:04.586,144.82,Full,,,,,,
161,USco,J16090002-1908368,16:09:00.023,-19:08:36.838,136.94,Full,0.14300000000000002,-10.84,,0.14,33.0,1.445439770745928e-11
162,USco,J16090075-1908526,16:09:00.759,-19:08:52.616,137.4,Full,0.6459999999999999,-8.808,,0.62,906.0,1.555965631605075e-09
163,USco,J16093558-1828232,16:09:35.587,-18:28:23.239,159.12,Full,,,,,18.0,
164,USco,J16094098-2217594,16:09:40.987,-22:17:59.442,145.26,Debris/Ev. Trans.,,,,,9.0,
165,USco,J16095361-1754474,16:09:53.619,-17:54:47.426,158.61,Full,0.139,-11.15,,,22.0,7.079457843841373e-12
166,USco,J16095441-1906551,16:09:54.413,-19:06:55.105,138.53,Debris/Ev. Trans.,,,,,10.0,
167,USco,J16095933-1800090,16:09:59.333,-18:00:09.065,136.45,Full,,,,0.18,13.0,
168,USco,J16101473-1919095,16:10:14.738,-19:19:09.548,139.03,Debris/Ev. Trans.,,,,,,
169,USco,J16101888-2502325,16:10:18.881,-25:02:32.546,153.93,Transitional,,,,,,
170,USco,J16102174-1904067,16:10:21.741,-19:04:06.726,134.58,Debris/Ev. Trans.,,,,,,
171,USco,J16102819-1910444,16:10:28.195,-19:10:44.486,151.7,Full,,,,,,
172,USco,J16102857-1904469,16:10:28.577,-19:04:46.996,142.0,Evolved,,,,,14.000000000000002,
173,USco,J16103956-1916524,16:10:39.566,-19:16:52.460,156.22,Debris/Ev. Trans.,,,,,,
174,USco,J16104202-2101319,16:10:42.028,-21:01:31.998,140.54,Debris/Ev. Trans.,,,,,,
175,USco,J16104636-1840598,16:10:46.361,-18:40:59.873,141.38,Full,0.136,-10.68,,,36.0,2.089296130854041e-11
176,USco,J16111330-2019029,16:11:13.307,-20:19:02.942,153.89,Full,0.237,-8.991,,,117.0,1.0209394837076807e-09
177,USco,J16111534-1757214,16:11:15.342,-17:57:21.427,135.78,Full,,,,,,
178,USco,J16112057-1820549,16:11:20.578,-18:20:54.949,136.23,Debris/Ev. Trans.,,,,,,
179,USco,J16113134-1838259,16:11:31.341,-18:38:25.926,142.0,Full,,,,,19288.0,
180,USco,J16115091-2012098,16:11:50.919,-20:12:09.889,140.85,Full,,,,,13.0,
181,USco,J16122737-2009596,16:12:27.377,-20:09:59.688,143.05,Full,,,,,11.0,
182,USco,J16123916-1859284,16:12:39.168,-18:59:28.457,135.46,Full,0.52,-9.377,,,112.0,4.197589839910069e-10
183,USco,J16124893-1800525,16:12:48.932,-18:00:52.549,153.39,Debris/Ev. Trans.,,,,,,
184,USco,J16125533-2319456,16:12:55.339,-23:19:45.638,153.36,Debris/Ev. Trans.,,,,,,
185,USco,J16130996-1904269,16:13:09.968,-19:04:26.908,136.52,Full,,,,,,
186,USco,J16133650-2503473,16:13:36.510,-25:03:47.340,142.0,Full,0.315,-8.531,,,19.0,2.944421633798757e-09
187,USco,J16135434-2320342,16:13:54.347,-23:20:34.253,142.0,Full,0.152,-8.783999999999999,,,161.0,1.6443717232149357e-09
188,USco,J16141107-2305362,16:14:11.077,-23:05:36.244,142.0,Full,0.92,-8.51,,0.16,102.0,3.090295432513592e-09
189,USco,J16142029-1906481,16:14:20.299,-19:06:48.136,142.0,Full,,,,0.15,869.0,
190,USco,J16142893-1857224,16:14:28.931,-18:57:22.457,142.0,Debris/Ev. Trans.,,,,,,
191,USco,J16143367-1900133,16:14:33.680,-19:00:13.370,136.93,Full,0.285,-9.33,,,24.0,4.677351412871981e-10
192,USco,J16145918-2750230,16:14:59.183,-27:50:23.010,149.96,Debris/Ev. Trans.,,,,,,
193,USco,J16145928-2459308,16:14:59.287,-24:59:30.804,159.24,Full,,,,,,
194,USco,J16151239-2420091,16:15:12.394,-24:20:09.121,146.03,Transitional,,,,,,
195,USco,J16153456-2242421,16:15:34.565,-22:42:42.109,138.13,Full,,,,,228.0,
196,USco,J16154416-1921171,16:15:44.164,-19:21:17.140,142.0,Full,0.75,-7.44,,,503.0,3.63078054770101e-08
197,USco,J16163345-2521505,16:16:33.455,-25:21:50.566,159.45,Full,,,,,74.0,
198,USco,J16181618-2619080,16:18:16.185,-26:19:08.065,142.0,Evolved,,,,,,
199,USco,J16181904-2028479,16:18:19.047,-20:28:47.957,139.67,Evolved,0.1,-9.848,,,92.0,1.4190575216890897e-10
200,USco,J16215466-2043091,16:21:54.667,-20:43:09.127,108.79,Debris/Ev. Trans.,,,,,6.0,
201,USco,J16220961-1953005,16:22:09.614,-19:53:00.575,134.39,Debris/Ev. Trans.,,,,,,
202,USco,J16230783-2300596,16:23:07.835,-23:00:59.670,137.93,Debris/Ev. Trans.,,,,,,
203,USco,J16235385-2946401,16:23:53.852,-29:46:40.134,135.19,Debris/Ev. Trans.,,,,,,
204,USco,J16270942-2148457,16:27:09.420,-21:48:45.702,137.97,Full,,,,,55.00000000000001,
205,USco,J16303390-2428062,16:30:33.908,-24:28:06.276,146.61,Full,,,,,13.0,
206,USco,J15555600-2045187,15:55:56.006,-20:45:18.716,146.03,Full,,,,,15.0,
207,USco,J15560104-2338081,15:56:01.041,-23:38:08.117,122.82,Full,,,,,38.0,
208,USco,J15591135-2338002,15:59:11.359,-23:38:00.240,136.39,Full,,,,,38.0,
209,USco,J16024575-2304509,16:02:45.752,-23:04:50.920,142.0,Full,,,,,11.0,
210,USco,J16060391-2056443,16:06:03.910,-20:56:44.369,140.5,Full,,,,,,
211,USco,J16100541-1919362,16:10:05.416,-19:19:36.264,141.86,Full,,,,,11.0,
212,USco,J16193976-2145349,16:19:39.764,-21:45:34.999,142.0,Full,,,,,20.0,
213,ChamI,J10533978-7712338,10:53:39.783,-77:12:33.883,184.27,II,0.32,-11.75,,0.2,,1.7782794100389228e-12
214,ChamI,J10555973-7724399,10:55:59.731,-77:24:39.913,183.48,II,0.79,-8.42,,1.0,228.0,3.8018939632056126e-09
215,ChamI,J10561638-7630530,10:56:16.380,-76:30:53.010,190.87,II,0.1,-10.64,,0.2,127.0,2.29086765276777e-11
216,ChamI,J10563044-7711393,10:56:30.447,-77:11:39.307,180.73,II,0.67,-9.18,,1.0,,6.606934480075964e-10
217,ChamI,J10574219-7659356,10:57:42.200,-76:59:35.664,191.0,II,0.29,-8.3,,1.0,341.0,5.011872336272715e-09
218,ChamI,J10580597-7711501,10:58:05.980,-77:11:50.100,187.14,II,0.07,-11.45,,0.2,97.0,3.5481338923357604e-12
219,ChamI,J10581677-7717170,10:58:16.774,-77:17:17.056,191.0,II/T,1.27,-7.55,,1.0,11600.0,2.818382931264455e-08
220,ChamI,J10590108-7722407,10:59:01.088,-77:22:40.710,183.12,II,0.7,-8.62,,1.0,2270.0,2.3988329190194947e-09
221,ChamI,J10590699-7701404,10:59:06.994,-77:01:40.444,185.2,II,1.53,-8.41,,1.0,15711.000000000002,3.890451449942805e-09
222,ChamI,J11004022-7619280,11:00:40.223,-76:19:28.067,193.01,II,0.191,-8.869,,0.2,2692.0,1.352072563194278e-09
223,ChamI,J11022491-7733357,11:02:24.912,-77:33:35.716,191.0,II/T,1.27,-8.0,,1.0,8440.0,1e-08
224,ChamI,J11023265-7729129,11:02:32.654,-77:29:12.977,191.0,II,0.28800000000000003,-10.28,,0.2,,5.248074602497734e-11
225,ChamI,J11025504-7721508,11:02:55.050,-77:21:50.807,184.2,II,0.174,-8.449,,0.2,41.0,3.5563131856898547e-09
226,ChamI,J11040425-7639328,11:04:04.254,-76:39:32.828,194.46,II,0.13699999999999998,-10.44,,0.2,109.0,3.6307805477010174e-11
227,ChamI,J11040909-7627193,11:04:09.090,-76:27:19.379,189.95,II,0.67,-6.27,,1.0,3916.0,5.370317963702533e-07
228,ChamI,J11044258-7741571,11:04:42.582,-77:41:57.131,190.77,II,0.193,-10.25,,0.2,156.0,5.6234132519034906e-11
229,ChamI,J11045701-7715569,11:04:57.011,-77:15:56.938,193.59,II,0.285,-7.535,,0.2,143.0,2.9174270140011658e-08
230,ChamI,J11062554-7633418,11:06:25.549,-76:33:41.868,201.63,II,0.079,-10.27,,0.2,1939.0,5.370317963702533e-11
231,ChamI,J11062942-7724586,11:06:29.426,-77:24:58.644,191.0,II,,,,0.2,,
232,ChamI,J11063276-7625210,11:06:32.766,-76:25:21.083,189.19,II,0.048,-10.63,,0.2,,2.344228815319918e-11
233,ChamI,J11063945-7736052,11:06:39.453,-77:36:05.213,187.11,II,0.078,-105.8,,0.2,,1.5848931924611237e-106
234,ChamI,J11064180-7635489,11:06:41.808,-76:35:48.980,194.69,II,0.113,-8.841000000000003,,0.2,38.0,1.4421153515248592e-09
235,ChamI,J11064510-7727023,11:06:45.102,-77:27:02.322,185.81,II,0.73,-8.4,,0.2,33.0,3.981071705534969e-09
236,ChamI,J11065906-7718535,11:06:59.066,-77:18:53.568,187.52,II,0.2125,-7.874,,0.2,884.0,1.3365955165464433e-08
237,ChamI,J11065939-7530559,11:06:59.400,-75:30:55.976,192.45,II,0.066,-10.64,,0.2,119.0,2.29086765276777e-11
238,ChamI,J11070925-7718471,11:07:09.252,-77:18:47.142,191.0,II,,,,0.2,24.0,
239,ChamI,J11071181-7625501,11:07:11.819,-76:25:50.117,199.91,II,0.067,-11.32,,0.2,,4.78630092322638e-12
240,ChamI,J11071206-7632232,11:07:12.066,-76:32:23.233,193.87,II,0.583,-8.249,,0.2,252.0,5.6363765582595375e-09
241,ChamI,J11071330-7743498,11:07:13.300,-77:43:49.879,191.0,II/T,0.195,-10.59,,0.2,82.0,2.5703957827688646e-11
242,ChamI,J11071860-7732516,11:07:18.608,-77:32:51.662,197.52,II,0.076,-10.4,,0.2,38.0,3.9810717055349695e-11
243,ChamI,J11072074-7738073,11:07:20.744,-77:38:07.354,188.99,II,1.59,-7.26,,1.0,975.0,5.495408738576248e-08
244,ChamI,J11072825-7652118,11:07:28.256,-76:52:11.899,191.0,II,0.285,-8.127,,0.2,81.0,7.464487584100654e-09
245,ChamI,J11074245-7733593,11:07:42.455,-77:33:59.393,191.0,II,0.08900000000000001,-9.625,,0.2,89.0,2.371373705661655e-10
246,ChamI,J11074366-7739411,11:07:43.665,-77:39:41.148,190.24,II,0.463,-7.691,,1.0,4022.0,2.037042077705719e-08
247,ChamI,J11074656-7615174,11:07:46.563,-76:15:17.467,192.64,II,0.045,-11.57,,0.2,84.0,2.691534803926914e-12
248,ChamI,J11075730-7717262,11:07:57.307,-77:17:26.228,191.75,II,,,,1.0,246.0,
249,ChamI,J11075792-7738449,11:07:57.928,-77:38:44.927,191.0,FS,0.82,-7.99,,1.0,742.0,1.0232929922807536e-08
250,ChamI,J11075809-7742413,11:07:58.092,-77:42:41.324,187.52,II,0.29100000000000004,-8.092,,0.2,255.0,8.090958991783813e-09
251,ChamI,J11080002-7717304,11:08:00.025,-77:17:30.484,191.0,II,0.56,-9.85,,0.2,,1.4125375446227556e-10
252,ChamI,J11080148-7742288,11:08:01.486,-77:42:28.854,191.0,II,0.705,-7.381,,1.0,1659.0,4.1591061049402185e-08
253,ChamI,J11080297-7738425,11:08:02.975,-77:38:42.590,191.0,FS,0.532,-8.99,,1.0,3823.0,1.0232929922807536e-09
254,ChamI,J11081509-7733531,11:08:15.099,-77:33:53.158,191.0,FS,1.43,-8.75,,1.0,7827.0,1.7782794100389228e-09
255,ChamI,J11081850-7730408,11:08:18.505,-77:30:40.813,186.7,II,0.045,-11.4,,0.2,,3.9810717055349695e-12
256,ChamI,J11082238-7730277,11:08:22.381,-77:30:27.713,190.11,II,0.077,-9.619,,0.2,,2.4043628000069346e-10
257,ChamI,J11082570-7716396,11:08:25.705,-77:16:39.619,191.0,II,,,,0.2,,
258,ChamI,J11082650-7715550,11:08:26.506,-77:15:55.098,195.78,II,0.07,-10.67,,0.2,,2.1379620895022323e-11
259,ChamI,J11083905-7716042,11:08:39.051,-77:16:04.242,189.8,II/T,0.71,-8.59,,1.0,527.0,2.5703957827688646e-09
260,ChamI,J11083952-7734166,11:08:39.523,-77:34:16.669,187.39,II,0.1,-10.0,,0.2,,1e-10
261,ChamI,J11085090-7625135,11:08:50.908,-76:25:13.588,192.24,II,0.078,-10.27,,0.2,,5.370317963702533e-11
262,ChamI,J11085367-7521359,11:08:53.679,-75:21:35.946,190.51,II,0.4970000000000001,-7.909,,1.0,925.0,1.2331048332289096e-08
263,ChamI,J11085464-7702129,11:08:54.642,-77:02:12.962,191.0,II,0.61,-9.064,,0.2,149.0,8.629785477669702e-10
264,ChamI,J11085497-7632410,11:08:54.971,-76:32:41.086,193.42,II,0.077,-10.18,,0.2,,6.606934480075964e-11
265,ChamI,J11091812-7630292,11:09:18.129,-76:30:29.250,183.64,II,0.653,-8.904,,0.2,96.0,1.2473835142429433e-09
266,ChamI,J11092266-7634320,11:09:22.669,-76:34:32.023,193.09,II,0.583,-9.299,,1.0,149.0,5.023425895223877e-10
267,ChamI,J11092379-7623207,11:09:23.790,-76:23:20.756,191.12,II,0.496,-7.113,,1.0,4658.0,7.709034690644293e-08
268,ChamI,J11094260-7725578,11:09:42.603,-77:25:57.860,193.49,II,,,,0.2,,
269,ChamI,J11094621-7634463,11:09:46.211,-76:34:46.387,196.29,II,0.328,-9.235,,1.0,189.0,5.821032177708722e-10
270,ChamI,J11094742-7726290,11:09:47.424,-77:26:29.062,191.42,II,0.557,-8.964,,1.0,5612.0,1.0864256236170644e-09
271,ChamI,J11095215-7639128,11:09:52.156,-76:39:12.805,250.98,II,0.086,-10.1,,0.2,,7.943282347242822e-11
272,ChamI,J11095336-7728365,11:09:53.370,-77:28:36.559,185.63,II,0.068,-10.02,,0.2,,9.549925860214369e-11
273,ChamI,J11095340-7634255,11:09:53.405,-76:34:25.511,191.0,II,0.65,-6.77,,1.0,2846.0,1.6982436524617461e-07
274,ChamI,J11095407-7629253,11:09:54.076,-76:29:25.310,191.0,II,0.544,-9.115,,1.0,1140.0,7.673614893618185e-10
275,ChamI,J11095873-7737088,11:09:58.738,-77:37:08.879,191.0,II,0.491,-6.729,,1.0,778.0,1.8663796908346694e-07
276,ChamI,J11100010-7634578,11:10:00.108,-76:34:57.893,191.0,II,1.5,-6.37,,1.0,50990.0,4.2657951880159254e-07
277,ChamI,J11100369-7633291,11:10:03.693,-76:33:29.178,195.75,II,0.6459999999999999,-9.374,,1.0,390.0,4.226686142656024e-10
278,ChamI,J11100469-7635452,11:10:04.693,-76:35:45.272,193.06,II,0.7,-9.51,,1.0,298.0,3.090295432513592e-10
279,ChamI,J11100704-7629376,11:10:07.045,-76:29:37.698,191.0,II,0.63,-8.39,,1.0,268.0,4.073802778041122e-09
280,ChamI,J11100785-7727480,11:10:07.851,-77:27:48.082,204.94,II,0.091,-10.45,,0.2,21.0,3.548133892335761e-11
281,ChamI,J11101141-7635292,11:10:11.417,-76:35:29.288,196.06,II,0.78,-9.34,,1.0,2940.0,4.5708818961487517e-10
282,ChamI,J11103801-7732399,11:10:38.018,-77:32:39.905,191.0,II,0.82,-7.65,,1.0,201.0,2.2387211385683378e-08
283,ChamI,J11104141-7720480,11:10:41.415,-77:20:48.048,199.8,II,0.071,-9.412,,0.2,,3.872576449216165e-10
284,ChamI,J11104959-7717517,11:10:49.596,-77:17:51.745,186.69,II,0.383,-7.581,,1.0,2107.0,2.6242185433844393e-08
285,ChamI,J11105333-7634319,11:10:53.336,-76:34:31.994,193.23,II,0.29100000000000004,-7.7,,1.0,1200.0,1.9952623149688786e-08
286,ChamI,J11105359-7725004,11:10:53.591,-77:25:00.484,193.92,II,0.103,-9.865,,0.2,307.0,1.3645831365889239e-10
287,ChamI,J11105597-7645325,11:10:55.974,-76:45:32.573,191.0,II,0.1024,-9.245,,0.2,83.0,5.688529308438425e-10
288,ChamI,J11111083-7641574,11:11:10.833,-76:41:57.433,191.0,II,,,,1.0,2030.0,
289,ChamI,J11113965-7620152,11:11:39.656,-76:20:15.252,191.0,II,0.248,-7.166,,1.0,802.9999999999999,6.82338694141669e-08
290,ChamI,J11114632-7620092,11:11:46.324,-76:20:09.211,191.61,II,1.27,-7.83,,1.0,1339.0,1.4791083881682072e-08
291,ChamI,J11120351-7726009,11:12:03.511,-77:26:00.992,186.12,II,0.121,-9.591,,0.2,106.0,2.564484036517721e-10
292,ChamI,J11120984-7634366,11:12:09.849,-76:34:36.610,192.56,II,0.155,-9.025,,0.2,171.0,9.440608762859226e-10
293,ChamI,J11122441-7637064,11:12:24.415,-76:37:06.406,191.77,II,1.21,-7.96,,0.2,45.0,1.0964781961431851e-08
294,ChamI,J11122772-7644223,11:12:27.720,-76:44:22.344,191.76,II,1.5,-7.18,,1.0,2249.0,6.606934480075964e-08
295,ChamI,J11123092-7644241,11:12:30.927,-76:44:24.130,194.25,II,0.5760000000000001,-7.766,,1.0,476.0,1.7139573075084252e-08
296,ChamI,J11124268-7722230,11:12:42.689,-77:22:23.052,191.0,II/T,1.5,-9.3,,0.2,,5.011872336272714e-10
297,ChamI,J11124861-7647066,11:12:48.611,-76:47:06.673,189.15,II,0.156,-9.365,,0.2,,4.31519076827765e-10
298,ChamI,J11132446-7629227,11:13:24.461,-76:29:22.729,190.56,II,0.188,-9.46,,1.0,304.0,3.46736850452531e-10
299,ChamI,J11142454-7733062,11:14:24.544,-77:33:06.217,188.48,II,0.161,-8.715,,0.2,273.0,1.9275249131909366e-09
300,ChamI,J11160287-7624533,11:16:02.879,-76:24:53.316,191.0,II,,,,1.0,480.0,
301,ChamI,J11173700-7704381,11:17:37.005,-77:04:38.118,188.88,II/T,0.52,-7.8889999999999985,,1.0,1044.0,1.2912192736135387e-08
302,ChamI,J11175211-7629392,11:17:52.117,-76:29:39.264,193.57,II,0.15,-10.75,,0.2,,1.7782794100389227e-11
303,ChamI,J11183572-7935548,11:18:35.727,-79:35:54.884,191.0,II/T,0.175,-8.641,,0.2,543.0,2.28559880337543e-09
304,ChamI,J11241186-7630425,11:24:11.866,-76:30:42.599,185.3,II/T,0.077,-10.17,,0.2,52.0,6.760829753919819e-11
305,ChamI,J11432669-7804454,11:43:26.698,-78:04:45.451,191.0,II,0.115,-8.356,,0.2,,4.405548635065534e-09
306,rOph,J162034.2-242613,16:20:34.200,-24:26:13.000,139.0,II,,,,,,
307,rOph,J162118.5-225458,16:21:18.500,-22:54:58.000,139.93,II,,,,,192.0,
308,rOph,J162131.9-230140,16:21:31.900,-23:01:40.000,135.96,II,,,0.15,,256.0,
309,rOph,J162138.7-225328,16:21:38.700,-22:53:28.000,139.0,I,,,0.15,,,
310,rOph,J162142.0-231343,16:21:42.000,-23:13:43.000,136.01,II,,,,,97.0,
311,rOph,J162145.1-234232,16:21:45.100,-23:42:32.000,139.0,I,,,0.15,,2328.0,
312,rOph,J162148.5-234027,16:21:48.500,-23:40:27.000,145.16,F,,,0.15,,206.0,
313,rOph,J162157.7-242943,16:21:57.700,-24:29:43.000,138.17,III,,,,,,
314,rOph,J162218.5-232148,16:22:18.500,-23:21:48.000,139.0,II,,,0.15,,1732.9999999999998,
315,rOph,J162221.0-230402,16:22:21.000,-23:04:02.000,139.0,I,,,0.15,,,
316,rOph,J162225.0-232955,16:22:25.000,-23:29:55.000,137.53,II,,,0.15,,771.0,
317,rOph,J162225.2-240514,16:22:25.200,-24:05:14.000,131.64,II,,,,,,
318,rOph,J162235.6-233734,16:22:35.600,-23:37:34.000,142.44,II,,,,,,
319,rOph,J162241.8-242538,16:22:41.800,-24:25:38.000,169.68,II,,,,,,
320,rOph,J162244.9-231713,16:22:44.900,-23:17:13.000,140.64,II,,,,,,
321,rOph,J162245.4-243124,16:22:45.400,-24:31:24.000,139.0,II,,,0.15,,,
322,rOph,J162247.2-230013,16:22:47.200,-23:00:13.000,144.46,II,,,,,,
323,rOph,J162248.6-230218,16:22:48.600,-23:02:18.000,136.95,II,,,,,,
324,rOph,J162259.8-232635,16:22:59.800,-23:26:35.000,139.11,III,,,,,,
325,rOph,J162305.4-230257,16:23:05.400,-23:02:57.000,139.0,I,,,0.15,,304.0,
326,rOph,J162305.9-233818,16:23:05.900,-23:38:18.000,139.0,II,,,,,,
327,rOph,J162306.9-225737,16:23:06.900,-22:57:37.000,136.6,F,,,0.15,,41.0,
328,rOph,J162308.8-225743,16:23:08.800,-22:57:43.000,141.92,II,,,0.15,,114.0,
329,rOph,J162309.2-241705,16:23:09.200,-24:17:05.000,156.57,II,,,0.15,,3197.0,
330,rOph,J162313.7-230358,16:23:13.700,-23:03:58.000,141.15,II,,,,,,
331,rOph,J162315.6-234300,16:23:15.600,-23:43:00.000,117.88,II,,,,,71.0,
332,rOph,J162332.2-242554,16:23:32.200,-24:25:54.000,139.0,F,,,0.15,,,
333,rOph,J162332.8-225847,16:23:32.800,-22:58:47.000,140.98,II,,,,,161.0,
334,rOph,J162334.8-234030,16:23:34.800,-23:40:30.000,140.2,II,,,0.15,,164.0,
335,rOph,J162336.1-240221,16:23:36.100,-24:02:21.000,143.57,II,,,,,162.0,
336,rOph,J162338.5-230545,16:23:38.500,-23:05:45.000,144.78,II,,,,,440.00000000000006,
337,rOph,J162350.5-225838,16:23:50.500,-22:58:38.000,136.3,II,,,,,69.0,
338,rOph,J162413.5-241822,16:24:13.500,-24:18:22.000,139.0,II,,,,,247.00000000000003,
339,rOph,J162415.9-241115,16:24:15.900,-24:11:15.000,140.51,II,,,,,148.0,
340,rOph,J162435.2-242620,16:24:35.200,-24:26:20.000,139.0,II,0.188,-105.2,,,49.0,6.309573444801891e-106
341,rOph,J162452.3-250127,16:24:52.300,-25:01:27.000,137.12,II,,,,,28.000000000000004,
342,rOph,J162453.0-250556,16:24:53.000,-25:05:56.000,136.36,III,,,,,39.0,
343,rOph,J162459.8-245601,16:24:59.800,-24:56:01.000,137.37,II,0.237,-105.5,0.15,,165.0,3.1622776601683795e-106
344,rOph,J162502.1-245932 b,16:25:02.100,-24:59:32.000,139.27,b,0.292,-105.6,0.15,,539.0,2.511886431509613e-106
345,rOph,J162502.1-245932,16:25:02.100,-24:59:32.000,139.27,II,0.292,-105.6,0.15,,764.0,2.511886431509613e-106
346,rOph,J162506.2-244657,16:25:06.200,-24:46:57.000,137.03,II,0.099,-105.5,,,170.0,3.1622776601683795e-106
347,rOph,J162506.9-235050,16:25:06.900,-23:50:50.000,142.16,II,,,0.15,,316.0,
348,rOph,J162522.1-241751,16:25:22.100,-24:17:51.000,142.12,II,0.191,-105.6,,,,2.511886431509613e-106
349,rOph,J162522.6-243453,16:25:22.600,-24:34:53.000,139.0,II,,,,,88.0,
350,rOph,J162524.3-242944,16:25:24.300,-24:29:44.000,139.0,II,0.191,-105.4,0.15,,720.0,3.9810717055349206e-106
351,rOph,J162525.7-243708,16:25:25.700,-24:37:08.000,139.0,II,,,,,,
352,rOph,J162527.6-243648,16:25:27.600,-24:36:48.000,139.0,F,,,0.15,,,
353,rOph,J162532.5-232626,16:25:32.500,-23:26:26.000,144.7,II,,,0.15,,77.0,
354,rOph,J162533.2-232530,16:25:33.200,-23:25:30.000,137.78,II,,,,,36.0,
355,rOph,J162535.5-243210,16:25:35.500,-24:32:10.000,140.87,II,0.188,-105.6,,,,2.511886431509613e-106
356,rOph,J162536.7-241542,16:25:36.700,-24:15:42.000,139.0,II,0.84,-8.64,0.15,,462.0,2.29086765276777e-09
357,rOph,J162538.1-242236 b,16:25:38.100,-24:22:36.000,134.25,b,,,0.15,,71.0,
358,rOph,J162538.1-242236,16:25:38.100,-24:22:36.000,134.25,II,,,0.15,,3914.0,
359,rOph,J162539.4-232642,16:25:39.400,-23:26:42.000,139.0,II,,,0.15,,94.0,
360,rOph,J162539.6-242635,16:25:39.600,-24:26:35.000,139.0,F,0.376,-7.694,0.15,,,2.0230191786782717e-08
361,rOph,J162542.9-232526,16:25:42.900,-23:25:26.000,138.86,II,,,0.15,,143.0,
362,rOph,J162546.6-242336,16:25:46.600,-24:23:36.000,139.0,F,,,0.15,,1283.0,
363,rOph,J162556.1-242048,16:25:56.100,-24:20:48.000,134.76,II,0.61,-6.88,0.15,,3845.0000000000014,1.3182567385564074e-07
364,rOph,J162601.4-242520,16:26:01.400,-24:25:20.000,104.69,II,,,,,,
365,rOph,J162603.0-242336,16:26:03.000,-24:23:36.000,136.17,II,,,0.15,,,
366,rOph,J162604.6-241751,16:26:04.600,-24:17:51.000,139.0,II,0.149,-10.06,,,56.00000000000001,8.709635899560797e-11
367,rOph,J162607.0-242724,16:26:07.000,-24:27:24.000,139.0,II,,,,,344.0,
368,rOph,J162609.9-243354,16:26:09.900,-24:33:54.000,140.84,I,,,0.15,,,
369,rOph,J162610.3-242055,16:26:10.300,-24:20:55.000,139.0,II,0.615,-7.562,0.15,,10033.0,2.7415741719278808e-08
370,rOph,J162616.8-242223,16:26:16.800,-24:22:23.000,137.42,II,0.54,-8.08,0.15,,195.0,8.317637711026709e-09
371,rOph,J162617.1-242021,16:26:17.100,-24:20:21.000,135.25,II,0.64,-8.45,0.15,,334.0,3.5481338923357603e-09
372,rOph,J162617.2-242345,16:26:17.200,-24:23:45.000,139.0,I,,,0.15,,3937.0,
373,rOph,J162618.1-243033,16:26:18.100,-24:30:33.000,139.0,II,0.1,-105.2,,,,6.309573444801891e-106
374,rOph,J162618.6-242951,16:26:18.600,-24:29:51.000,139.0,II,0.028,-105.1,,,26.0,7.943282347242919e-106
375,rOph,J162618.8-242610,16:26:18.800,-24:26:10.000,139.0,II,0.058,-8.998,,,39.0,1.0046157902783968e-09
376,rOph,J162618.9-242820,16:26:18.900,-24:28:20.000,137.53,II,0.5875,-6.711,0.15,,5486.0,1.9453600816226615e-07
377,rOph,J162619.0-242414,16:26:19.000,-24:24:14.000,139.0,F,0.135,-105.1,0.15,,1233.0,7.943282347242919e-106
378,rOph,J162619.5-243727,16:26:19.500,-24:37:27.000,135.31,II,0.153,-105.4,,,25.0,3.9810717055349206e-106
379,rOph,J162620.8-242839,16:26:20.800,-24:28:39.000,139.0,II,,,,,39.0,
380,rOph,J162621.0-240847,16:26:21.000,-24:08:47.000,141.72,II,0.045,-105.2,,,67.0,6.309573444801891e-106
381,rOph,J162621.5-242601,16:26:21.500,-24:26:01.000,136.29,II,0.103,-9.701,,,141.0,1.9906733389871842e-10
382,rOph,J162621.9-244440,16:26:21.900,-24:44:40.000,149.98,II,,,,,56.99999999999999,
383,rOph,J162622.3-242407,16:26:22.300,-24:24:07.000,139.0,F,0.037000000000000005,-10.38,0.15,,,4.1686938347033464e-11
384,rOph,J162622.9-242846,16:26:22.900,-24:28:46.000,139.0,II,0.1,-105.2,,,,6.309573444801891e-106
385,rOph,J162623.4-242101 b,16:26:23.400,-24:21:01.000,118.37,b,2.01,-7.91,0.15,,726.0,1.2302687708123811e-08
386,rOph,J162623.4-242101,16:26:23.400,-24:21:01.000,118.37,II,2.01,-7.91,0.15,,856.0,1.2302687708123811e-08
387,rOph,J162623.6-242439,16:26:23.600,-24:24:39.000,139.0,F,0.69,-8.5,0.15,,8097.0,3.1622776601683795e-09
388,rOph,J162623.7-244314,16:26:23.700,-24:43:14.000,139.0,II,0.62,-8.94,0.15,,13880.000000000002,1.148153621496884e-09
389,rOph,J162623.8-241829,16:26:23.800,-24:18:29.000,139.0,II,0.063,-105.6,,,,2.511886431509613e-106
390,rOph,J162624.0-242448,16:26:24.000,-24:24:48.000,139.49,II,0.9499,-7.728,0.15,,209.0,1.8706821403658017e-08
391,rOph,J162624.1-241613,16:26:24.100,-24:16:13.000,139.26,II,0.9399,-6.225,0.15,,21052.0,5.956621435290109e-07
392,rOph,J162625.5-242301,16:26:25.500,-24:23:01.000,139.0,I,,,0.15,,2751.0,
393,rOph,J162627.5-244154,16:26:27.500,-24:41:54.000,139.0,F,,,0.15,,537.0,
394,rOph,J162627.8-242642,16:26:27.800,-24:26:42.000,153.63,II,,,,,135.0,
395,rOph,J162630.4-242257,16:26:30.400,-24:22:57.000,139.0,F,,,0.15,,2593.0,
396,rOph,J162633.0-240017,16:26:33.000,-24:00:17.000,137.88,II,0.149,-105.5,,,212.0,3.1622776601683795e-106
397,rOph,J162636.2-240509,16:26:36.200,-24:05:09.000,138.3,II,0.049,-105.2,,,,6.309573444801891e-106
398,rOph,J162636.8-241552,16:26:36.800,-24:15:52.000,136.59,F,0.631,-9.574,0.15,,855.0000000000001,2.6668586645214805e-10
399,rOph,J162637.1-241560 b,16:26:37.100,-24:16:00.000,136.12,b,0.124,-105.4,,,495.0,3.9810717055349206e-106
400,rOph,J162637.1-241560,16:26:37.100,-24:16:00.000,136.12,II,0.124,-105.4,,,27.0,3.9810717055349206e-106
401,rOph,J162637.8-242301,16:26:37.800,-24:23:01.000,139.0,F,,,0.15,,476.0,
402,rOph,J162637.8-243903,16:26:37.800,-24:39:03.000,158.16,II,0.071,-105.3,,,47.0,5.011872336272755e-106
403,rOph,J162640.5-242714,16:26:40.500,-24:27:14.000,139.0,I,,,0.15,,5664.0,
404,rOph,J162640.8-243051,16:26:40.800,-24:30:51.000,139.0,II,0.066,-105.3,,,212.0,5.011872336272755e-106
405,rOph,J162641.2-244018,16:26:41.200,-24:40:18.000,139.0,II,0.2075,-8.802,0.15,,,1.57761126969935e-09
406,rOph,J162642.1-243103,16:26:42.100,-24:31:03.000,139.0,F,,,0.15,,557.0,
407,rOph,J162642.9-242030 b,16:26:42.900,-24:20:30.000,137.4,b,0.705,-7.8370000000000015,0.15,,146.0,1.455459080581961e-08
408,rOph,J162642.9-242030,16:26:42.900,-24:20:30.000,137.4,II,0.705,-7.8370000000000015,0.15,,778.0,1.455459080581961e-08
409,rOph,J162645.0-242308,16:26:45.000,-24:23:08.000,110.07,II,0.557,-7.382999999999999,0.15,,11381.0,4.139996748197313e-08
410,rOph,J162646.4-241160,16:26:46.400,-24:12:00.000,139.0,II,1.56,-8.27,0.15,,433.0,5.370317963702533e-09
411,rOph,J162648.5-242839,16:26:48.500,-24:28:39.000,139.0,F,,,0.15,,3051.0,
412,rOph,J162648.5-242839 b,16:26:48.500,-24:28:39.000,139.0,b,,,0.15,,135.0,
413,rOph,J162648.6-235634,16:26:48.600,-23:56:34.000,138.7,II,0.7,-105.94,0.15,,162.0,1.1481536214968888e-106
414,rOph,J162649.0-243825,16:26:49.000,-24:38:25.000,132.51,II,0.292,-7.224,0.15,,1148.0,5.970352865838366e-08
415,rOph,J162652.0-243039,16:26:52.000,-24:30:39.000,139.0,F,,,0.15,,600.0,
416,rOph,J162653.5-243236,16:26:53.500,-24:32:36.000,139.0,F,,,0.15,,153.0,
417,rOph,J162654.3-242438,16:26:54.300,-24:24:38.000,139.0,F,,,0.15,,142.0,
418,rOph,J162654.4-242621,16:26:54.400,-24:26:21.000,139.0,II,0.557,-8.954,,,74.0,1.1117317272815897e-09
419,rOph,J162654.8-242702,16:26:54.800,-24:27:02.000,139.0,F,,,0.15,,70.0,
420,rOph,J162656.3-244120,16:26:56.300,-24:41:20.000,139.0,II,,,,,,
421,rOph,J162656.8-241351,16:26:56.800,-24:13:51.000,136.52,II,0.62,-105.91,0.15,,863.0000000000001,1.2302687708123912e-106
422,rOph,J162657.3-243539,16:26:57.300,-24:35:39.000,139.0,II,,,,,69.0,
423,rOph,J162658.3-243741,16:26:58.300,-24:37:41.000,139.0,F,,,0.15,,,
424,rOph,J162658.4-242130,16:26:58.400,-24:21:30.000,139.0,II,0.054000000000000006,-10.94,,,24.0,1.148153621496884e-11
425,rOph,J162658.4-244532,16:26:58.400,-24:45:32.000,139.0,II,0.5875,-6.942,0.15,,10469.0,1.1428783347897712e-07
426,rOph,J162658.6-241835,16:26:58.600,-24:18:35.000,139.0,II,0.152,-8.527000000000001,,,231.0,2.971666031738019e-09
427,rOph,J162658.6-242455,16:26:58.600,-24:24:55.000,139.0,II,,,,,,
428,rOph,J162659.0-243557,16:26:59.000,-24:35:57.000,139.0,II,0.193,-8.555,,,,2.7861211686297723e-09
429,rOph,J162703.0-242615,16:27:03.000,-24:26:15.000,139.0,F,,,0.15,,1262.0,
430,rOph,J162703.6-242005,16:27:03.600,-24:20:05.000,139.0,F,,,0.15,,2061.0,
431,rOph,J162704.1-242830,16:27:04.100,-24:28:30.000,139.0,F,,,0.15,,830.0000000000001,
432,rOph,J162704.6-242716,16:27:04.600,-24:27:16.000,139.0,F,,,0.15,,,
433,rOph,J162705.2-243630,16:27:05.200,-24:36:30.000,139.0,I,,,0.15,,3185.0,
434,rOph,J162705.7-244013,16:27:05.700,-24:40:13.000,139.0,II,,,,,,
435,rOph,J162706.0-242618,16:27:06.000,-24:26:18.000,139.0,II,,,,,,
436,rOph,J162706.0-242836,16:27:06.000,-24:28:36.000,139.0,II,0.13699999999999998,-105.6,,,,2.511886431509613e-106
437,rOph,J162706.6-244149,16:27:06.600,-24:41:49.000,141.58,II,0.114,-8.773,,,109.0,1.6865530253887423e-09
438,rOph,J162706.8-243815,16:27:06.800,-24:38:15.000,139.0,I,,,0.15,,1288.0,
439,rOph,J162709.1-241201,16:27:09.100,-24:12:01.000,143.65,II,0.334,-9.264,0.15,,224.00000000000003,5.44502652842422e-10
440,rOph,J162709.1-243408,16:27:09.100,-24:34:08.000,134.6,II,0.55,-7.98,0.15,,2218.0,1.0471285480508984e-08
441,rOph,J162709.3-244022,16:27:09.300,-24:40:22.000,139.0,F,,,0.15,,552.0,
442,rOph,J162711.2-244047,16:27:11.200,-24:40:47.000,139.0,F,,,0.15,,2223.0,
443,rOph,J162711.7-243832,16:27:11.700,-24:38:32.000,139.0,F,,,0.15,,101.0,
444,rOph,J162712.1-243449,16:27:12.100,-24:34:49.000,139.0,II,0.4320000000000001,-9.195,,,31.0,6.382634861905483e-10
445,rOph,J162713.3-244133,16:27:13.300,-24:41:33.000,139.0,III,,,,,,
446,rOph,J162713.7-241817,16:27:13.700,-24:18:17.000,137.2,II,0.57,-8.699,0.15,,350.0,1.9998618696327446e-09
447,rOph,J162713.8-244332,16:27:13.800,-24:43:32.000,140.73,II,0.285,-8.255,0.15,,1311.0,5.559042572704026e-09
448,rOph,J162714.5-242646,16:27:14.500,-24:26:46.000,139.0,F,,,0.15,,327.0,
449,rOph,J162715.1-245139,16:27:15.100,-24:51:39.000,136.14,II,0.378,-105.8,0.15,,,1.5848931924611237e-106
450,rOph,J162715.4-242640,16:27:15.400,-24:26:40.000,139.0,F,,,0.15,,423.00000000000006,
451,rOph,J162715.4-242640 b,16:27:15.400,-24:26:40.000,139.0,b,,,0.15,,237.0,
452,rOph,J162715.5-243054,16:27:15.500,-24:30:54.000,139.0,F,,,0.15,,,
453,rOph,J162715.9-242514,16:27:15.900,-24:25:14.000,139.0,F,,,0.15,,247.00000000000003,
454,rOph,J162716.4-243114,16:27:16.400,-24:31:14.000,139.0,I,,,0.15,,1135.0,
455,rOph,J162717.6-240514,16:27:17.600,-24:05:14.000,138.05,II,0.59,-8.685,,,601.0,2.065380155810527e-09
456,rOph,J162717.6-242856,16:27:17.600,-24:28:56.000,139.0,I,,,0.15,,711.0,
457,rOph,J162717.6-242856 b,16:27:17.600,-24:28:56.000,139.0,b,,,0.15,,75.0,
458,rOph,J162717.6-242856 c,16:27:17.600,-24:28:56.000,139.0,c,,,0.15,,108.0,
459,rOph,J162718.4-243915,16:27:18.400,-24:39:15.000,139.0,I,,,0.15,,1686.0,
460,rOph,J162718.5-242906,16:27:18.500,-24:29:06.000,139.0,II,0.35,-8.46,0.15,,84.0,3.4673685045253096e-09
461,rOph,J162719.2-242844,16:27:19.200,-24:28:44.000,139.0,F,,,0.15,,1383.0,
462,rOph,J162721.5-244143,16:27:21.500,-24:41:43.000,139.0,F,,,0.15,,833.0,
463,rOph,J162721.8-242728,16:27:21.800,-24:27:28.000,139.0,I,,,0.15,,,
464,rOph,J162721.8-242953,16:27:21.800,-24:29:53.000,139.0,I,,,0.15,,314.0,
465,rOph,J162723.0-244807,16:27:23.000,-24:48:07.000,136.24,II,0.214,-105.4,0.15,,,3.9810717055349206e-106
466,rOph,J162724.6-242935,16:27:24.600,-24:29:35.000,139.0,II,,,,,,
467,rOph,J162724.6-244103,16:27:24.600,-24:41:03.000,139.0,I,,,0.15,,269.0,
468,rOph,J162726.2-241923,16:27:26.200,-24:19:23.000,139.0,II,0.06,-9.307,,,48.0,4.931738039549354e-10
469,rOph,J162726.3-244246,16:27:26.300,-24:42:46.000,139.0,F,,,0.15,,143.0,
470,rOph,J162726.6-242554,16:27:26.600,-24:25:54.000,137.27,II,0.033,-105.1,,,100.0,7.943282347242919e-106
471,rOph,J162727.4-243117,16:27:27.400,-24:31:17.000,173.99,II,0.32,-8.339,0.15,,,4.58141886714533e-09
472,rOph,J162728.4-242721,16:27:28.400,-24:27:21.000,139.0,F,0.55,-7.98,0.15,,107.0,1.0471285480508984e-08
473,rOph,J162729.9-243336,16:27:29.900,-24:33:36.000,139.0,III,,,,,,
474,rOph,J162730.2-242743,16:27:30.200,-24:27:43.000,139.0,F,0.5975,-7.888,0.15,,348.0,1.2941958414499863e-08
475,rOph,J162730.8-242456,16:27:30.800,-24:24:56.000,141.89,F,0.263,-9.061,0.15,,122.0,8.68960429286302e-10
476,rOph,J162730.9-242733,16:27:30.900,-24:27:33.000,139.0,I,,,0.15,,,
477,rOph,J162732.1-242943,16:27:32.100,-24:29:43.000,139.0,F,0.115,-105.2,0.15,,258.0,6.309573444801891e-106
478,rOph,J162732.6-243323,16:27:32.600,-24:33:23.000,139.0,II,0.385,-8.88,,,,1.3182567385564047e-09
479,rOph,J162732.7-244500,16:27:32.700,-24:45:00.000,139.0,II,,,,,,
480,rOph,J162732.8-243235,16:27:32.800,-24:32:35.000,139.0,II,0.281,-8.501,,,,3.155004623374631e-09
481,rOph,J162733.1-244115,16:27:33.100,-24:41:15.000,136.55,II,0.875,-7.175,0.15,,1530.0,6.683439175686149e-08
482,rOph,J162736.2-240458,16:27:36.200,-24:04:58.000,147.26,II,0.073,-105.3,,,31.0,5.011872336272755e-106
483,rOph,J162736.7-235827,16:27:36.700,-23:58:27.000,155.42,II,,,,,,
484,rOph,J162737.2-244238,16:27:37.200,-24:42:38.000,139.0,I,,,0.15,,312.0,
485,rOph,J162737.4-241755,16:27:37.400,-24:17:55.000,138.23,II,0.076,-8.906,,,165.0,1.2416523075924095e-09
486,rOph,J162738.3-235732,16:27:38.300,-23:57:32.000,141.11,II,0.69,-105.86,0.15,,314.0,1.3803842646028867e-106
487,rOph,J162738.3-243658,16:27:38.300,-24:36:58.000,139.46,II,0.65,-7.96,0.15,,1483.0,1.0964781961431851e-08
488,rOph,J162738.6-243839,16:27:38.600,-24:38:39.000,139.68,II,,,,,80.0,
489,rOph,J162738.9-244020,16:27:38.900,-24:40:20.000,139.0,I,0.391,-8.953,0.15,,2294.0,1.1142945335917315e-09
490,rOph,J162739.0-235818,16:27:39.000,-23:58:18.000,141.55,II,0.69,-105.85,0.15,,2026.0,1.4125375446227728e-106
491,rOph,J162739.4-243915,16:27:39.400,-24:39:15.000,135.27,II,0.551,-7.892,0.15,,3661.0,1.2823305826560205e-08
492,rOph,J162739.8-244315,16:27:39.800,-24:43:15.000,139.0,F,,,0.15,,4432.0,
493,rOph,J162739.8-244315 b,16:27:39.800,-24:43:15.000,139.0,b,,,0.15,,386.0,
494,rOph,J162740.1-242636,16:27:40.100,-24:26:36.000,139.0,II,,,,,,
495,rOph,J162740.3-242204 b,16:27:40.300,-24:22:04.000,131.94,b,,,0.15,,94.0,
496,rOph,J162740.3-242204,16:27:40.300,-24:22:04.000,131.94,II,,,0.15,,329.0,
497,rOph,J162741.5-243538,16:27:41.500,-24:35:38.000,139.0,III,,,,,,
498,rOph,J162741.6-244645,16:27:41.600,-24:46:45.000,139.0,I,,,0.15,,802.9999999999999,
499,rOph,J162741.7-244336,16:27:41.700,-24:43:36.000,139.0,F,,,0.15,,205.0,
500,rOph,J162741.8-244235,16:27:41.800,-24:42:35.000,139.0,F,,,0.15,,,
501,rOph,J162742.7-243851,16:27:42.700,-24:38:51.000,143.86,II,0.292,-9.061,,,,8.68960429286302e-10
502,rOph,J162743.8-244308,16:27:43.800,-24:43:08.000,139.0,III,,,,,,
503,rOph,J162745.0-240628,16:27:45.000,-24:06:28.000,136.63,II,0.33,-106.0,,,143.0,1e-106
504,rOph,J162745.8-244454,16:27:45.800,-24:44:54.000,139.0,I,,,0.15,,,
505,rOph,J162746.3-243141,16:27:46.300,-24:31:41.000,144.59,II,0.1,-9.243,,,,5.714786366718666e-10
506,rOph,J162747.1-244535,16:27:47.100,-24:45:35.000,139.0,II,0.14400000000000002,-9.338,,,152.0,4.5919801283686947e-10
507,rOph,J162748.2-244225,16:27:48.200,-24:42:25.000,139.0,I,,,0.15,,77.0,
508,rOph,J162749.3-242452,16:27:49.300,-24:24:52.000,139.0,II,,,,,,
509,rOph,J162749.8-242522,16:27:49.800,-24:25:22.000,156.96,II,0.1375,-7.907999999999999,,,40.0,1.2359474334445145e-08
510,rOph,J162751.8-243145,16:27:51.800,-24:31:45.000,139.0,F,,,0.15,,170.0,
511,rOph,J162755.2-240215,16:27:55.200,-24:02:15.000,150.26,II,,,,,39.0,
512,rOph,J162755.2-242839,16:27:55.200,-24:28:39.000,139.0,II,0.079,-9.975,,,114.0,1.0592537251772898e-10
513,rOph,J162755.6-242618,16:27:55.600,-24:26:18.000,131.65,II,0.368,-8.17,0.15,,179.0,6.760829753919819e-09
514,rOph,J162758.9-243515,16:27:58.900,-24:35:15.000,139.0,II,,,,,,
515,rOph,J162802.6-235504,16:28:02.600,-23:55:04.000,141.64,II,,,,,,
516,rOph,J162804.5-243448,16:28:04.500,-24:34:48.000,139.0,II,,,,,,
517,rOph,J162804.8-243710,16:28:04.800,-24:37:10.000,187.58,III,,,,,,
518,rOph,J162804.8-245035,16:28:04.800,-24:50:35.000,162.68,II,,,,,74.0,
519,rOph,J162812.7-241136,16:28:12.700,-24:11:36.000,138.73,II,0.15,-8.891,,,238.0,1.2852866599436155e-09
520,rOph,J162813.7-243139,16:28:13.700,-24:31:39.000,139.0,II,,,,,1611.0,
521,rOph,J162813.8-243249,16:28:13.800,-24:32:49.000,141.16,II,0.189,-9.096,,,,8.016780633876789e-10
522,rOph,J162816.5-243658,16:28:16.500,-24:36:58.000,134.98,II,0.2075,-7.928,0.15,,5383.0,1.1803206356517298e-08
523,rOph,J162816.7-240514,16:28:16.700,-24:05:14.000,138.12,II,0.76,-8.89,0.15,,99.0,1.2882495516931322e-09
524,rOph,J162817.7-241705,16:28:17.700,-24:17:05.000,127.12,II,0.091,-105.6,,,79.0,2.511886431509613e-106
525,rOph,J162821.5-242155,16:28:21.500,-24:21:55.000,139.21,III,,,,,,
526,rOph,J162821.7-244247,16:28:21.700,-24:42:47.000,139.0,II,,,,,217.0,
527,rOph,J162823.3-242241,16:28:23.300,-24:22:41.000,146.81,II,0.69,-105.85,0.15,,1099.0,1.4125375446227728e-106
528,rOph,J162832.7-242245,16:28:32.700,-24:22:45.000,138.09,III,,,,,23.0,
529,rOph,J162845.3-242819 b,16:28:45.300,-24:28:19.000,139.0,b,0.378,-105.1,0.15,,871.0000000000001,7.943282347242919e-106
530,rOph,J162845.3-242819,16:28:45.300,-24:28:19.000,139.0,II,0.378,-105.1,0.15,,3484.0000000000005,7.943282347242919e-106
531,rOph,J162847.0-242814,16:28:47.000,-24:28:14.000,132.19,II,0.054000000000000006,-105.4,,,57.99999999999999,3.9810717055349206e-106
532,rOph,J162848.7-242632,16:28:48.700,-24:26:32.000,149.32,II,0.048,-105.5,,,,3.1622776601683795e-106
533,rOph,J162854.1-244744,16:28:54.100,-24:47:44.000,136.46,II,0.396,-105.7,0.15,,758.0,1.9952623149688666e-106
534,rOph,J162856.0-233107,16:28:56.000,-23:31:07.000,143.46,II,,,,,,
535,rOph,J162856.9-243110,16:28:56.900,-24:31:10.000,143.35,II,0.092,-105.4,,,112.0,3.9810717055349206e-106
536,rOph,J162857.9-244055,16:28:57.900,-24:40:55.000,139.0,I,,,0.15,,172.0,
537,rOph,J162903.2-242749,16:29:03.200,-24:27:49.000,140.9,II,,,,,76.0,
538,rOph,J162908.2-241547,16:29:08.200,-24:15:47.000,140.69,II,,,,,39.0,
539,rOph,J162935.1-243610,16:29:35.100,-24:36:10.000,139.0,III,,,,,,
540,rOph,J162944.3-244122,16:29:44.300,-24:41:22.000,139.0,II,,,0.15,,,
541,rOph,J162948.3-233103,16:29:48.300,-23:31:03.000,133.49,II,,,,,,
542,rOph,J162954.6-245846,16:29:54.600,-24:58:46.000,132.24,III,,,,,,
543,rOph,J163019.8-240256,16:30:19.800,-24:02:56.000,148.66,III,,,,,,
544,rOph,J163020.0-233108,16:30:20.000,-23:31:08.000,141.41,III,,,,,,
545,rOph,J163023.4-245416,16:30:23.400,-24:54:16.000,141.13,II,,,0.15,,447.0,
546,rOph,J163026.7-235909,16:30:26.700,-23:59:09.000,134.88,II,,,,,174.0,
547,rOph,J163033.9-242806,16:30:33.900,-24:28:06.000,146.61,II,,,,,,
548,rOph,J163053.5-242454,16:30:53.500,-24:24:54.000,148.33,II,,,,,89.0,
549,rOph,J163102.4-240843,16:31:02.400,-24:08:43.000,132.53,II,,,,,,
550,rOph,J163105.2-240440,16:31:05.200,-24:04:40.000,130.8,II,,,0.15,,74.0,
551,rOph,J163115.7-243402,16:31:15.700,-24:34:02.000,139.0,II,,,0.15,,134.0,
552,rOph,J163129.2-240431,16:31:29.200,-24:04:31.000,133.56,F,,,0.15,,39.0,
553,rOph,J163130.9-242440 b,16:31:30.900,-24:24:40.000,139.0,b,,,0.15,,188.0,
554,rOph,J163130.9-242440,16:31:30.900,-24:24:40.000,139.0,II,,,0.15,,923.0,
555,rOph,J163131.2-242628,16:31:31.200,-24:26:28.000,139.0,F,,,0.15,,2446.0,
556,rOph,J163133.4-242737,16:31:33.400,-24:27:37.000,146.32,II,,,0.15,,5461.0,
557,rOph,J163133.8-240446,16:31:33.800,-24:04:46.000,136.75,F,,,0.15,,117.0,
558,rOph,J163134.1-240060,16:31:34.100,-24:01:00.000,139.0,II,,,,,,
559,rOph,J163134.3-240325,16:31:34.300,-24:03:25.000,123.42,F,,,0.15,,30.0,
560,rOph,J163135.6-240129,16:31:35.600,-24:01:29.000,139.0,I,,,0.15,,19428.0,
561,rOph,J163136.8-240420,16:31:36.800,-24:04:20.000,139.0,I,,,0.15,,775.0,
562,rOph,J163143.8-245525,16:31:43.800,-24:55:25.000,150.16,I,,,0.15,,647.0,
563,rOph,J163144.6-240213,16:31:44.600,-24:02:13.000,132.04,II,,,0.15,,456.0,
564,rOph,J163145.4-244307,16:31:45.400,-24:43:07.000,144.07,II,,,,,37.0,
565,rOph,J163145.8-243909,16:31:45.800,-24:39:09.000,150.95,II,,,,,129.0,
566,rOph,J163148.9-245429,16:31:48.900,-24:54:29.000,139.0,II,,,,,168.0,
567,rOph,J163152.1-245616,16:31:52.100,-24:56:16.000,152.98,F,,,0.15,,3189.0,
568,rOph,J163152.1-245616 b,16:31:52.100,-24:56:16.000,152.98,b,,,0.15,,154.0,
569,rOph,J163152.5-245536,16:31:52.500,-24:55:36.000,139.0,I,,,0.15,,200.0,
570,rOph,J163153.4-245505,16:31:53.400,-24:55:05.000,139.0,II,,,,,42.0,
571,rOph,J163154.4-250349,16:31:54.400,-25:03:49.000,143.31,II,,,0.15,,,
572,rOph,J163154.7-250324,16:31:54.700,-25:03:24.000,139.0,II,,,0.15,,,
573,rOph,J163159.3-245441,16:31:59.300,-24:54:41.000,148.33,II,,,,,1254.0,
574,rOph,J163205.5-250236,16:32:05.500,-25:02:36.000,148.27,II,,,0.15,,219.0,
575,rOph,J163211.8-244021,16:32:11.800,-24:40:21.000,139.0,III,,,,,26.0,
576,rOph,J163221.0-243036,16:32:21.000,-24:30:36.000,153.58,F,,,0.15,,836.0,
577,rOph,J163221.9-244215,16:32:21.900,-24:42:15.000,142.26,II,,,0.15,,234.0,
578,rOph,J163227.9-252502,16:32:27.900,-25:25:02.000,148.69,II,,,,,37.0,
579,rOph,J163355.6-244205,16:33:55.600,-24:42:05.000,143.84,II,,,0.15,,4959.0,
580,rOph,J163524.3-243359,16:35:24.300,-24:33:59.000,139.0,II,,,,,,
581,rOph,J163945.4-240204,16:39:45.400,-24:02:04.000,139.0,II,,,0.15,,11117.0,
582,rOph,J163952.9-241931,16:39:52.900,-24:19:31.000,139.0,F,,,0.15,,456.0,
583,rOph,J164424.3-240125,16:44:24.300,-24:01:25.000,139.0,F,,,0.15,,,
584,rOph,J164526.7-240305,16:45:26.700,-24:03:05.000,139.0,I,,,0.15,,,
585,ChamII,IRAS 12416-7703,12:45:06.430,-77:20:13.520,197.0,II,,,,,,
586,ChamII,IRAS12496-7650,12:53:17.170,-77:07:10.630,197.0,II,2.1,-106.15,0.17,,77313.0,7.079457843841287e-107
587,ChamII,IRAS12500-7658,12:53:42.790,-77:15:11.590,197.0,I,,,0.17,,5412.0,
588,ChamII,Sz 46,12:56:33.590,-76:45:45.180,194.49,II,0.464,-105.8,0.17,,399.0,1.5848931924611237e-106
589,ChamII,IRAS12535-7623,12:57:11.640,-76:40:11.140,197.0,II,0.46,-105.53,0.17,,119.0,2.951209226666378e-106
590,ChamII,SSTc2d J125758.7-770120,12:57:58.700,-77:01:19.500,197.0,II,,,,,,
591,ChamII,ISO-CHAII 13,12:58:06.670,-77:09:09.220,197.0,II,0.038,-105.2,0.17,,,6.309573444801891e-106
592,ChamII,C41,12:59:09.860,-76:51:03.490,190.85,Flat,,,,,,
593,ChamII,Sz 48NE,13:00:53.150,-77:09:09.180,201.35,II,0.532,-105.8,,,,1.5848931924611237e-106
594,ChamII,Sz 49,13:00:53.260,-76:54:14.980,194.36,II,0.597,-106.0,0.17,,1166.0,1e-106
595,ChamII,Sz 48SW,13:00:53.560,-77:09:08.280,192.16,II,0.485,-105.8,,,,1.5848931924611237e-106
596,ChamII,Sz 50,13:00:55.280,-77:10:22.010,197.0,II,0.25,-8.786,0.17,,1196.0,1.6368165214278103e-09
597,ChamII,J130059.3-771403,13:00:59.210,-77:14:02.800,200.18,II,,,0.17,,643.0,
598,ChamII,Sz 51,13:01:58.940,-77:51:21.740,197.37,II,0.52,-105.8,0.17,,473.00000000000006,1.5848931924611237e-106
599,ChamII,CM Cha,13:02:13.490,-76:37:57.680,191.89,II,0.61,-105.84,0.17,,4033.0,1.4454397707459162e-106
600,ChamII,J13022287-7734494,13:02:22.820,-77:34:49.510,203.38,II,0.116,-105.3,0.17,,102.0,5.011872336272755e-106
601,ChamII,Hn 22,13:04:22.780,-76:50:05.860,198.5,II,0.368,-105.7,0.17,,2428.0,1.9952623149688666e-106
602,ChamII,Hn 23,13:04:24.060,-76:50:01.390,196.74,II,0.75,-105.9,0.17,,2269.0,1.2589254117941507e-106
603,ChamII,Sz 52,13:04:24.840,-77:52:30.110,201.09,II,0.334,-105.7,0.17,,133.0,1.9952623149688666e-106
604,ChamII,Hn 24,13:04:55.740,-77:39:49.210,196.68,II,0.551,-8.696,0.17,,1150.0,2.0137242498623895e-09
605,ChamII,Hn 25,13:05:08.510,-77:33:42.660,196.16,II,0.326,-105.5,0.17,,585.0,3.1622776601683795e-106
606,ChamII,Sz 53,13:05:12.660,-77:30:52.560,194.95,II,0.47,-105.8,0.17,,517.0,1.5848931924611237e-106
607,ChamII,Sz 54,13:05:20.800,-77:39:01.480,195.63,II,0.68,-105.69,0.17,,1140.0,2.04173794466954e-106
608,ChamII,J130521.7-773810,13:05:21.660,-77:38:10.140,192.2,Flat,,,0.17,,,
609,ChamII,J130529.0-774140,13:05:29.040,-77:41:40.060,197.0,II,,,0.17,,,
610,ChamII,SSTc2d J130540.8-773958,13:05:40.800,-77:39:58.200,197.0,II,,,,,,
611,ChamII,Sz 55,13:06:30.490,-77:34:00.120,194.7,II,0.41,-105.9,,,,1.2589254117941507e-106
612,ChamII,Sz 56,13:06:38.700,-77:30:35.390,193.09,II,0.22,-105.36,0.17,,105.0,4.365158322401665e-106
613,ChamII,Sz 57,13:06:56.560,-77:23:09.460,197.0,II,0.18,-105.1,,,,7.943282347242919e-106
614,ChamII,Sz 58,13:06:57.350,-77:23:41.460,197.0,II,0.8,-105.98,0.17,,6625.0,1.04712854805089e-106
615,ChamII,Sz 59,13:07:09.230,-77:30:30.240,197.0,II,0.58,-105.74,0.17,,544.0,1.819700858610005e-106
616,ChamII,J13071806-7740529,13:07:18.040,-77:40:53.000,202.72,II,,,0.17,,,
617,ChamII,Sz 60E,13:07:23.330,-77:37:23.200,198.53,II,0.195,-105.3,,,,5.011872336272755e-106
618,ChamII,Hn 26,13:07:48.500,-77:41:21.730,197.77,II,0.37,-105.7,0.17,,,1.9952623149688666e-106
619,ChamII,Sz 61,13:08:06.330,-77:55:05.050,194.54,II,0.71,-105.83,0.17,,4419.0,1.4791083881682132e-106
620,ChamII,J13082714-7743232,13:08:27.190,-77:43:23.410,205.35,II,0.149,-105.4,0.17,,,3.9810717055349206e-106
621,ChamII,IRAS F13052-7653NW,13:09:09.810,-77:09:43.520,196.65,II,0.596,-106.0,,,,1e-106
622,ChamII,IRAS F13052-7653N,13:09:10.980,-77:09:44.140,197.0,II,0.405,-105.7,,,,1.9952623149688666e-106
623,ChamII,Sz 62,13:09:50.440,-77:57:23.940,197.0,II,0.33,-105.5,0.17,,,3.1622776601683795e-106
624,ChamII,Sz 63,13:10:04.120,-77:10:44.620,200.84,II,0.29100000000000004,-105.5,0.17,,2256.0,3.1622776601683795e-106
625,ChamII,Sz 64,13:14:03.830,-77:53:07.480,193.6,II,0.13,-105.3,,,,5.011872336272755e-106
626,Taurus,IRAS 04108+2910,04:13:57.378,=+29:18:19.330,119.68,II,0.299,-105.8,,,,1.5848931924611237e-106
627,Taurus,J04141188+2811535,04:14:11.881,=+28:11:53.510,131.2,II,0.052000000000000005,-8.876,,0.15,,1.3304544179780928e-09
628,Taurus,FM Tau,04:14:13.582,=+28:12:49.240,132.01,II,0.18,-8.082,,,524.0,8.279421637123328e-09
629,Taurus,FN Tau,04:14:14.590,=+28:27:58.060,129.89,II,0.27,-105.46,,,643.0,3.4673685045253663e-106
630,Taurus,CW Tau,04:14:17.003,=+28:10:57.840,131.55,II,1.11,-106.23,,,2557.0,5.888436553555836e-107
631,Taurus,CIDA 1,04:14:17.609,=+28:06:09.700,134.62,II,0.17800000000000002,-8.033,,,691.0,9.268298233793504e-09
632,Taurus,MHO 1,04:14:26.268,=+28:06:03.250,133.95,II,0.374,-106.1,0.54,1.95,10951.0,7.94328234724292e-107
633,Taurus,MHO 2 AB,04:14:26.399,=+28:05:59.720,131.03,II,,,0.54,1.95,6467.0,
634,Taurus,MHO 3 AB,04:14:30.546,=+28:05:14.730,141.0,II,,,,,,
635,Taurus,FP Tau,04:14:47.309,=+26:46:26.440,127.48,II,0.319,-105.6,,0.15,,2.511886431509613e-106
636,Taurus,CX Tau,04:14:47.865,=+26:48:11.010,126.73,II,0.326,-105.7,,,421.0,1.9952623149688666e-106
637,Taurus,FO Tau A,04:14:49.290,=+28:12:30.600,141.0,II,0.2599,-105.4,,,170.0,3.9810717055349206e-106
638,Taurus,FO Tau B,04:14:49.290,=+28:12:30.600,141.0,II,0.2824,-105.4,,,163.0,3.9810717055349206e-106
639,Taurus,J04153916+2818586,04:15:39.163,=+28:18:58.620,132.64,II,0.204,-105.4,,,666.0,3.9810717055349206e-106
640,Taurus,IRAS 04125+2902,04:15:42.787,=+29:09:59.770,160.07,II,0.459,-105.8,,,1441.0,1.5848931924611237e-106
641,Taurus,J04155799+2746175,04:15:57.994,=+27:46:17.570,133.16,II,0.109,-105.4,,,631.0,3.9810717055349206e-106
642,Taurus,J04161210+2756385,04:16:12.104,=+27:56:38.580,134.66,II,0.119,-105.5,,0.15,,3.1622776601683795e-106
643,Taurus,J04163911+2858491,04:16:39.116,=+28:58:49.140,141.0,II,0.081,-105.4,,,,3.9810717055349206e-106
644,Taurus,CY Tau,04:17:33.726,=+28:20:46.850,126.33,II,0.341,-8.204,,,3581.0,6.251726927756849e-09
645,Taurus,KPNO 10,04:17:49.554,=+28:13:31.850,135.81,II,0.11,-105.4,,,407.0,3.9810717055349206e-106
646,Taurus,V410 X-ray 1,04:17:49.655,=+28:29:36.270,130.98,II,0.21600000000000005,-105.5,,,,3.1622776601683795e-106
647,Taurus,V409 Tau,04:18:10.785,=+25:19:57.390,129.67,II,0.52,-105.9,0.046,,961.0,1.2589254117941507e-106
648,Taurus,V410 Anon 13,04:18:17.106,=+28:28:41.920,127.39,II,0.108,-105.3,,0.15,,5.011872336272755e-106
649,Taurus,DD Tau A,04:18:31.128,=+28:16:29.020,126.7,II,0.2199,-105.2,,,417.0,6.309573444801891e-106
650,Taurus,DD Tau B,04:18:31.128,=+28:16:29.020,126.7,II,0.2824,-105.4,,,154.0,3.9810717055349206e-106
651,Taurus,CZ Tau A,04:18:31.587,=+28:16:58.530,141.0,II,0.281,-105.4,,,,3.9810717055349206e-106
652,Taurus,CZ Tau B,04:18:31.587,=+28:16:58.530,141.0,II,0.281,-105.4,,,34.0,3.9810717055349206e-106
653,Taurus,V410 X-ray 2,04:18:34.447,=+28:30:30.230,141.0,II,,,,,852.9999999999999,
654,Taurus,V892 Tau AB,04:18:40.617,=+28:19:15.510,141.0,II,,,,,12683.0,
655,Taurus,LR 1,04:18:41.332,=+28:27:25.010,141.0,II,,,,,1705.9999999999998,
656,Taurus,V410 X-ray 7 AB,04:18:42.504,=+28:18:49.850,134.56,II,,,,,,
657,Taurus,V410 X-ray 6,04:19:01.106,=+28:19:42.050,128.2,II,0.1574,-105.1,,0.15,,7.943282347242919e-106
658,Taurus,KPNO 12,04:19:01.270,=+28:02:48.700,141.0,II,,,,,,
659,Taurus,FQ Tau A,04:19:12.811,=+28:29:33.100,141.0,II,,,0.15,0.42,172.0,
660,Taurus,FQ Tau B,04:19:12.811,=+28:29:33.100,141.0,II,,,0.15,0.42,150.0,
661,Taurus,BP Tau,04:19:15.835,=+29:06:26.893,141.0,II,0.486,-7.29,0.045,,2501.0,5.128613839913648e-08
662,Taurus,V819 Tau,04:19:26.260,=+28:26:14.300,129.3,II,0.57,-105.8,,,25.0,1.5848931924611237e-106
663,Taurus,FR Tau,04:19:35.455,=+28:27:21.810,126.48,II,0.122,-105.3,,,,5.011872336272755e-106
664,Taurus,J04201611+2821325,04:20:16.111,=+28:21:32.550,131.29,II,0.046,-105.4,,,,3.9810717055349206e-106
665,Taurus,J04202144+2813491,04:20:21.443,=+28:13:49.170,141.0,II,,,,,2902.0,
666,Taurus,J04202555+2700355,04:20:25.554,=+27:00:35.550,165.67,II,0.095,-105.4,,0.15,651.0,3.9810717055349206e-106
667,Taurus,IRAS 04173+2812,04:20:25.834,=+28:19:23.750,141.83,II,,,,,,
668,Taurus,J04202606+2804089,04:20:26.066,=+28:04:08.950,128.02,II,0.245,-105.7,,,,1.9952623149688666e-106
669,Taurus,J04210795+2702204,04:21:07.953,=+27:02:20.420,141.0,II,,,,,,
670,Taurus,J04210934+2750368,04:21:09.343,=+27:50:36.840,130.26,II,0.108,-105.3,,,,5.011872336272755e-106
671,Taurus,J04213459+2701388,04:21:34.599,=+27:01:38.850,164.4,II,0.1274,-105.3,,0.15,,5.011872336272755e-106
672,Taurus,IRAS 04187+1927,04:21:43.236,=+19:34:13.340,147.16,II,0.3625,-105.4,,,226.0,3.9810717055349206e-106
673,Taurus,J04214631+2659296,04:21:46.315,=+26:59:29.610,163.03,II,0.07,-105.3,,,,5.011872336272755e-106
674,Taurus,DE Tau,04:21:55.636,=+27:55:06.060,128.02,II,0.326,-7.576,,,1440.0,2.6546055619755415e-08
675,Taurus,RY Tau,04:21:57.410,=+28:26:35.571,141.0,II,2.75,-7.55,0.051,,11653.0,2.818382931264455e-08
676,Taurus,T Tau N,04:21:59.420,=+19:32:06.480,141.0,II,2.0,-7.05,0.052000000000000005,,9954.0,8.912509381337459e-08
677,Taurus,FS Tau A,04:22:02.180,=+26:57:30.500,133.88,II,0.251,-105.8,,,115.0,1.5848931924611237e-106
678,Taurus,FS Tau B,04:22:02.180,=+26:57:30.500,133.88,II,0.251,-105.8,,,,1.5848931924611237e-106
679,Taurus,J04221675+2654570,04:22:16.759,=+26:54:57.080,158.28,II,0.385,-105.6,,,,2.511886431509613e-106
680,Taurus,IRAS 04196+2638,04:22:47.869,=+26:45:53.050,155.16,II,0.452,-105.8,,,3469.0,1.5848931924611237e-106
681,Taurus,J04230607+2801194,04:23:06.070,=+28:01:19.500,129.56,II,0.061,-105.3,,0.15,242.0,5.011872336272755e-106
682,Taurus,IRAS 04200+2759,04:23:07.770,=+28:05:57.340,131.61,II,0.454,-106.2,,,1791.0,6.309573444801891e-107
683,Taurus,J04231822+2641156,04:23:18.230,=+26:41:15.600,141.0,II,,,,,,
684,Taurus,FU Tau A,04:23:35.386,=+25:03:03.050,127.63,II,0.1099,-105.1,,,,7.943282347242919e-106
685,Taurus,FU Tau B,04:23:35.738,=+25:02:59.633,133.78,II,0.105,-105.0,,,,1e-105
686,Taurus,FT Tau,04:23:39.193,=+24:56:14.110,130.19,II,0.298,-105.5,0.048,,4299.0,3.1622776601683795e-106
687,Taurus,J04242090+2630511,04:24:20.900,=+26:30:51.200,128.42,II,0.045,-105.5,,,,3.1622776601683795e-106
688,Taurus,J04242646+2649503,04:24:26.462,=+26:49:50.360,157.87,II,0.067,-105.3,,,,5.011872336272755e-106
689,Taurus,IRAS 04216+2603,04:24:44.578,=+26:10:14.110,159.22,II,0.306,-105.6,,,1418.0,2.511886431509613e-106
690,Taurus,IP Tau,04:24:57.080,=+27:11:56.500,129.38,II,0.508,-8.193,0.048,,687.0,6.412095765851622e-09
691,Taurus,KPNO 3,04:26:29.392,=+26:24:13.790,157.35,II,0.058,-105.3,,0.15,406.0,5.011872336272755e-106
692,Taurus,FV Tau A,04:26:53.529,=+26:06:54.370,141.0,II,,,0.15,0.53,342.0,
693,Taurus,FV Tau B,04:26:53.529,=+26:06:54.370,141.0,II,,,0.15,0.53,328.0,
694,Taurus,FV Tau/c A,04:26:54.410,=+26:06:51.000,141.0,II,0.583,-105.9,0.12,0.31,42.0,1.2589254117941507e-106
695,Taurus,FV Tau/c B,04:26:54.410,=+26:06:51.000,141.0,II,0.2625,-105.4,0.12,0.31,22.0,3.9810717055349206e-106
696,Taurus,KPNO 13,04:26:57.326,=+26:06:28.410,130.5,II,0.1624,-105.3,,,,5.011872336272755e-106
697,Taurus,DF Tau AB,04:27:02.794,=+25:42:22.396,141.0,II,,,,,180.0,
698,Taurus,DG Tau,04:27:04.698,=+26:06:16.310,141.0,II,0.71,-6.839,,,19063.0,1.4487718535447603e-07
699,Taurus,J04284263+2714039 A,04:28:42.635,=+27:14:03.910,128.69,II,,,,,,
700,Taurus,J04284263+2714039 B,04:28:42.635,=+27:14:03.910,128.69,II,,,,,,
701,Taurus,J04290068+2755033,04:29:00.681,=+27:55:03.400,134.42,II,,,,,,
702,Taurus,IRAS 04260+2642,04:29:04.990,=+26:49:07.300,141.0,II,,,,,6645.999999999999,
703,Taurus,IRAS 04263+2654,04:29:21.653,=+27:01:25.950,141.0,II,,,,0.15,,
704,Taurus,XEST 13-010,04:29:36.066,=+24:35:55.650,131.09,II,0.278,-105.5,,,738.0,3.1622776601683795e-106
705,Taurus,DH Tau A,04:29:41.558,=+26:32:58.270,133.45,II,0.328,-105.6,0.044,,1343.0,2.511886431509613e-106
706,Taurus,DH Tau B,04:29:41.659,=+26:32:56.508,141.0,II,0.328,-105.5,,,,3.1622776601683795e-106
707,Taurus,IQ Tau,04:29:51.563,=+26:06:44.900,141.0,II,0.422,-105.6,0.078,,3551.0,2.511886431509613e-106
708,Taurus,J04295950+2433078,04:29:59.508,=+24:33:07.850,131.77,II,0.155,-105.3,,,142.0,5.011872336272755e-106
709,Taurus,UX Tau A,04:30:03.991,=+18:13:49.388,142.23,II,1.5,-106.15,,,4516.0,7.079457843841287e-107
710,Taurus,KPNO 6,04:30:07.244,=+26:08:20.790,122.72,II,0.032,-10.88,,,,1.3182567385564048e-11
711,Taurus,FX Tau A,04:30:29.614,=+24:26:45.050,141.0,II,0.43,-105.52,,,434.0,3.019951720402044e-106
712,Taurus,FX Tau B,04:30:29.614,=+24:26:45.050,141.0,II,0.43,-105.52,,,,3.019951720402044e-106
713,Taurus,DK Tau A,04:30:44.251,=+26:01:24.470,141.0,II,0.5224,-7.225,0.044,0.4,1666.0,5.95662143529011e-08
714,Taurus,DK Tau B,04:30:44.410,=+26:01:23.800,141.0,II,0.4225,-105.3,0.14,0.4,160.0,5.011872336272755e-106
715,Taurus,ZZ Tau AB,04:30:51.378,=+24:42:22.270,141.0,II,0.2325,-105.3,,,33.0,5.011872336272755e-106
716,Taurus,ZZ Tau IRS,04:30:51.714,=+24:41:47.510,141.0,II,0.121,-105.5,,,5860.0,3.1622776601683795e-106
717,Taurus,KPNO 7,04:30:57.187,=+25:56:39.480,127.84,II,0.028,-105.3,,,,5.011872336272755e-106
718,Taurus,JH 56,04:31:14.440,=+27:10:17.990,127.01,II,0.611,-106.0,,,,1e-106
719,Taurus,XZ Tau A,04:31:40.072,=+18:13:57.180,141.0,II,0.272,-105.7,,,404.0,1.9952623149688666e-106
720,Taurus,XZ Tau B,04:31:40.072,=+18:13:57.180,141.0,II,0.4,-105.9,,,493.0,1.2589254117941507e-106
721,Taurus,HK Tau A,04:31:50.550,=+24:24:18.600,131.15,II,0.4,-105.7,0.048,0.4,1611.0,1.9952623149688666e-106
722,Taurus,HK Tau B,04:31:50.580,=+24:24:16.400,141.0,II,0.454,-105.7,0.15,0.4,886.0,1.9952623149688666e-106
723,Taurus,V710 Tau A,04:31:57.797,=+18:21:35.060,146.54,II,0.254,-105.4,0.042,0.49,3349.0,3.9810717055349206e-106
724,Taurus,LkHalpha 267,04:31:59.000,=+18:21:42.000,141.0,II,,,,,,
725,Taurus,Haro 6-13,04:32:15.410,=+24:28:59.750,141.0,II,0.73,-105.94,0.052000000000000005,,7593.000000000001,1.1481536214968888e-106
726,Taurus,MHO 5,04:32:16.067,=+18:12:46.450,148.51,II,0.1,-10.47,,,,3.38844156139202e-11
727,Taurus,MHO 6,04:32:22.109,=+18:27:42.640,145.62,II,0.116,-9.252,,0.15,809.0,5.597576014951093e-10
728,Taurus,J04322415+2251083,04:32:24.155,=+22:51:08.400,160.04,II,0.149,-105.4,,,,3.9810717055349206e-106
729,Taurus,GG Tau Aa,04:32:30.310,=+17:31:41.000,141.0,II,,,,,388.0,
730,Taurus,GG Tau Ba,04:32:30.250,=+17:31:30.900,145.48,II,0.1075,-105.2,,,,6.309573444801891e-106
731,Taurus,GG Tau Bb,04:32:30.310,=+17:31:29.900,145.48,II,0.1174,-105.3,,,,5.011872336272755e-106
732,Taurus,FY Tau,04:32:30.580,=+24:19:57.280,129.52,II,0.526,-105.7,,,654.0,1.9952623149688666e-106
733,Taurus,FZ Tau,04:32:31.764,=+24:20:03.000,129.25,II,0.514,-105.7,,,534.0,1.9952623149688666e-106
734,Taurus,UZ Tau Wa,04:32:42.780,=+25:52:31.600,141.0,II,,,,,897.0000000000001,
735,Taurus,UZ Tau Wb,04:32:42.780,=+25:52:31.600,141.0,II,,,,,1717.0000000000002,
736,Taurus,UZ Tau Eab,04:32:43.036,=+25:52:31.130,141.0,II,,,0.049,,7173.0,
737,Taurus,JH 112 Aa,04:32:49.113,=+22:53:02.800,162.55,II,0.84,-106.06,,,276.0,8.709635899560761e-107
738,Taurus,JH 112 Ba,04:32:49.380,=+22:53:08.220,141.0,II,0.2075,-105.4,,,102.0,3.9810717055349206e-106
739,Taurus,J04324938+2253082,04:32:49.380,=+22:53:08.220,141.0,II,0.2125,-105.4,,,,3.9810717055349206e-106
740,Taurus,GH Tau A,04:33:06.224,=+24:09:33.990,141.0,II,0.343,-105.7,,,216.0,1.9952623149688666e-106
741,Taurus,GH Tau B,04:33:06.224,=+24:09:33.990,141.0,II,0.374,-105.7,,,161.0,1.9952623149688666e-106
742,Taurus,V807 Tau A,04:33:06.629,=+24:09:55.000,141.0,II,0.65,-105.4,,,493.0,3.9810717055349206e-106
743,Taurus,J04330945+2246487,04:33:09.457,=+22:46:48.700,176.34,II,0.086,-105.1,,,,7.943282347242919e-106
744,Taurus,IRAS 04301+2608,04:33:14.359,=+26:14:23.500,172.78,II,,,,,561.0,
745,Taurus,IRAS 04303+2240,04:33:19.070,=+22:46:34.230,141.0,II,0.557,-105.7,,,,1.9952623149688666e-106
746,Taurus,J04333278+1800436,04:33:32.790,=+18:00:43.650,146.16,II,0.52,-106.0,,,664.0,1e-106
747,Taurus,GI Tau,04:33:34.057,=+24:21:17.040,129.44,II,0.4970000000000001,-7.855,0.05,,838.0000000000001,1.3963683610559363e-08
748,Taurus,GK Tau,04:33:34.560,=+24:21:05.850,129.14,II,0.58,-8.31,0.051,,243.00000000000003,4.897788193684457e-09
749,Taurus,IS Tau A,04:33:36.786,=+26:09:49.220,141.0,II,0.35700000000000004,-105.6,,,64.0,2.511886431509613e-106
750,Taurus,IS Tau B,04:33:36.786,=+26:09:49.220,141.0,II,0.583,-105.8,,,57.99999999999999,1.5848931924611237e-106
751,Taurus,DL Tau,04:33:39.062,=+25:20:38.230,159.94,II,0.66,-7.19,0.049,,12340.0,6.456542290346549e-08
752,Taurus,J04333905+2227207,04:33:39.055,=+22:27:20.790,141.0,II,,,,,1717.0000000000002,
753,Taurus,HN Tau A,04:33:39.352,=+17:51:52.370,141.0,II,0.84,-7.97,0.04,,681.0,1.071519305237607e-08
754,Taurus,HN Tau B,04:33:39.223,=+17:51:49.860,153.19,II,0.1899,-105.2,,,36.0,6.309573444801891e-106
755,Taurus,J04334171+1750402,04:33:41.718,=+17:50:40.230,144.86,II,0.195,-105.6,,,356.0,2.511886431509613e-106
756,Taurus,J04334465+2615005,04:33:44.652,=+26:15:00.530,161.81,II,0.1775,-105.3,,0.15,1354.0,5.011872336272755e-106
757,Taurus,DM Tau,04:33:48.718,=+18:10:09.990,144.05,II,0.29100000000000004,-7.992000000000001,,,5242.0,1.0185913880541149e-08
758,Taurus,CI Tau,04:33:52.005,=+22:50:30.180,160.32,II,0.65,-105.81,0.05,,10342.0,1.5488166189124732e-106
759,Taurus,IT Tau A,04:33:54.701,=+26:13:27.520,160.4,II,0.8025,-105.7,0.21,0.44,509.0,1.9952623149688666e-106
760,Taurus,IT Tau B,04:33:54.590,=+26:13:25.600,170.53,II,,,0.21,0.44,343.0,
761,Taurus,AA Tau,04:34:55.424,=+24:28:53.160,141.0,II,0.486,-7.635,,,3600.0,2.31739464996848e-08
762,Taurus,HO Tau,04:35:20.204,=+22:32:14.600,164.48,II,0.275,-105.7,0.046,,1355.0,1.9952623149688666e-106
763,Taurus,DN Tau,04:35:27.375,=+24:14:58.930,128.6,II,0.526,-8.185,0.051,,4141.0,6.531305526474716e-09
764,Taurus,CoKu Tau/3 A,04:35:40.938,=+24:11:08.760,127.01,II,0.48,-105.6,0.27,0.44,84.0,2.511886431509613e-106
765,Taurus,CoKu Tau/3 B,04:35:40.938,=+24:11:08.760,127.01,II,,,0.27,0.44,264.0,
766,Taurus,HQ Tau,04:35:47.336,=+22:50:21.700,141.0,II,1.27,-106.07,0.046,,220.00000000000003,8.511380382023898e-107
767,Taurus,HP Tau,04:35:52.777,=+22:54:23.110,141.0,II,0.84,-106.15,0.051,,2732.0,7.079457843841287e-107
768,Taurus,Haro 6-28 A,04:35:56.841,=+22:54:36.020,141.0,II,0.29100000000000004,-105.7,,,282.0,1.9952623149688666e-106
769,Taurus,Haro 6-28 B,04:35:56.841,=+22:54:36.020,141.0,II,0.29100000000000004,-105.7,,,43.0,1.9952623149688666e-106
770,Taurus,J04362151+2351165,04:36:21.520,=+23:51:16.600,114.5,II,0.078,-105.7,,,54.0,1.9952623149688666e-106
771,Taurus,ITG 1,04:37:56.700,=+25:46:22.900,141.0,II,,,,,,
772,Taurus,J04381486+2611399,04:38:14.861,=+26:11:39.940,140.26,II,0.045,-105.7,,0.15,128.0,1.9952623149688666e-106
773,Taurus,GM Tau,04:38:21.340,=+26:09:13.740,139.37,II,0.112,-8.545,,0.15,,2.8510182675039096e-09
774,Taurus,DO Tau,04:38:28.582,=+26:10:49.440,141.0,II,0.532,-7.572,0.058,,6854.000000000001,2.6791683248190316e-08
775,Taurus,HV Tau C,04:38:35.480,=+26:10:41.500,141.0,II,,,,,1279.0,
776,Taurus,J04385859+2336351,04:38:58.600,=+23:36:35.200,126.65,II,0.153,-105.7,,0.15,598.0,1.9952623149688666e-106
777,Taurus,J04390163+2336029,04:39:01.630,=+23:36:03.000,126.76,II,0.125,-9.706,,0.15,,1.967886289706847e-10
778,Taurus,J04390396+2544264,04:39:03.960,=+25:44:26.420,140.97,II,0.057,-10.99,,0.15,163.0,1.0232929922807536e-11
779,Taurus,VY Tau A,04:39:17.412,=+22:47:53.400,141.0,II,0.413,-105.8,,,105.0,1.5848931924611237e-106
780,Taurus,VY Tau B,04:39:17.412,=+22:47:53.400,141.0,II,0.361,-105.8,,,,1.5848931924611237e-106
781,Taurus,LkCa 15,04:39:17.796,=+22:21:03.480,157.19,II,0.7,-7.94,,,8867.0,1.1481536214968817e-08
782,Taurus,GN Tau A,04:39:20.910,=+25:45:02.110,141.0,II,0.326,-105.6,,,26.0,2.511886431509613e-106
783,Taurus,GN Tau B,04:39:20.910,=+25:45:02.110,141.0,II,0.335,-105.7,,,33.0,1.9952623149688666e-106
784,Taurus,J04393364+2359212,04:39:33.640,=+23:59:21.200,127.11,II,0.114,-105.4,,0.15,,3.9810717055349206e-106
785,Taurus,ITG 15,04:39:44.883,=+26:01:52.790,139.68,II,0.18,-105.2,,0.15,,6.309573444801891e-106
786,Taurus,CFHT 4,04:39:47.484,=+26:01:40.780,140.41,II,0.1,-105.2,,,111.0,6.309573444801891e-106
787,Taurus,J04400067+2358211,04:40:00.680,=+23:58:21.200,126.35,II,0.057,-105.3,,0.15,,5.011872336272755e-106
788,Taurus,IRAS 04370+2559,04:40:08.002,=+26:05:25.380,137.36,II,,,,,2756.0,
789,Taurus,J04403979+2519061 AB,04:40:39.792,=+25:19:06.120,141.0,II,,,,,,
790,Taurus,JH 223 A,04:40:49.508,=+25:51:19.180,141.51,II,0.306,-105.7,,,96.0,1.9952623149688666e-106
791,Taurus,JH 223 B,04:40:49.508,=+25:51:19.180,141.51,II,0.306,-105.7,,,43.0,1.9952623149688666e-106
792,Taurus,ITG 33A,04:41:08.262,=+25:56:07.480,146.99,II,0.33,-106.0,,,250.0,1e-106
793,Taurus,ITG 34,04:41:10.785,=+25:55:11.650,151.63,II,0.091,-105.4,,,45.0,3.9810717055349206e-106
794,Taurus,CoKu Tau/4 AB,04:41:16.808,=+28:40:00.070,141.0,II,,,,,184.0,
795,Taurus,ITG 40,04:41:24.640,=+25:43:53.000,141.0,II,,,,,55.00000000000001,
796,Taurus,IRAS 04385+2550,04:41:38.823,=+25:56:26.750,141.0,II,0.638,-106.2,,,1412.0,6.309573444801891e-107
797,Taurus,J04414489+2301513,04:41:44.898,=+23:01:51.390,122.22,II,0.025,-105.3,,,,5.011872336272755e-106
798,Taurus,J04414825+2534304,04:41:48.250,=+25:34:30.500,136.98,II,0.032,-10.35,,0.15,117.0,4.4668359215096346e-11
799,Taurus,V955 Tau A,04:42:07.774,=+25:23:11.800,141.0,II,0.44,-105.69,,,122.0,2.04173794466954e-106
800,Taurus,V955 Tau B,04:42:07.774,=+25:23:11.800,141.0,II,0.54,-105.83,,,48.0,1.4791083881682132e-106
801,Taurus,CIDA 7,04:42:21.017,=+25:20:34.380,140.68,II,0.147,-105.3,,,786.0,5.011872336272755e-106
802,Taurus,DP Tau A,04:42:37.698,=+25:15:37.460,141.0,II,0.57,-106.3,,,116.0,5.011872336272756e-107
803,Taurus,DP Tau B,04:42:37.698,=+25:15:37.460,141.0,II,0.563,-106.3,,,83.0,5.011872336272756e-107
804,Taurus,GO Tau,04:43:03.095,=+25:20:18.750,142.38,II,0.345,-105.8,0.049,,3137.0,1.5848931924611237e-106
805,Taurus,CIDA 14,04:43:20.234,=+29:40:06.050,166.12,II,0.1525,-10.62,,,,2.3988329190194948e-11
806,Taurus,IRAS 04414+2506,04:44:27.132,=+25:12:16.410,143.15,II,0.08,-105.2,,,284.0,6.309573444801891e-106
807,Taurus,IRAS 04429+1550,04:45:51.343,=+15:55:36.730,141.0,II,0.326,-105.7,,,2825.0,1.9952623149688666e-106
808,Taurus,DQ Tau AB,04:46:53.063,=+17:00:00.100,195.38,II,,,0.045,,7472.0,
809,Taurus,Haro 6-37 A,04:46:58.967,=+17:02:37.850,141.0,II,0.59,-105.7,,,116.0,1.9952623149688666e-106
810,Taurus,Haro 6-37 B,04:46:58.967,=+17:02:37.850,141.0,II,0.5099,-105.6,,,,2.511886431509613e-106
811,Taurus,Haro 6-37 C,04:46:59.078,=+17:02:39.670,195.43,II,0.725,-105.4,,,4155.0,3.9810717055349206e-106
812,Taurus,DR Tau,04:47:06.209,=+16:58:42.810,141.0,II,0.6,-6.71,0.051,,7044.0,1.9498445997580455e-07
813,Taurus,DS Tau,04:47:48.591,=+29:25:11.460,158.35,II,0.4970000000000001,-7.305,0.05,,1576.0,4.9545019080479056e-08
814,Taurus,UY Aur A,04:51:47.375,=+30:47:13.460,141.0,II,0.56,-7.26,0.048,0.37,1105.0,5.495408738576248e-08
815,Taurus,UY Aur B,04:51:47.375,=+30:47:13.460,141.0,II,0.56,-105.78,0.2,0.37,436.00000000000006,1.6595869074375563e-106
816,Taurus,St 34 AB,04:54:23.683,=+17:09:53.470,143.62,II,,,,,,
817,Taurus,St 34 C,04:54:23.628,=+17:09:43.500,141.0,II,,,,,,
818,Taurus,GM Aur,04:55:10.983,=+30:21:59.540,141.0,II,0.69,-7.97,,,9592.0,1.071519305237607e-08
819,Taurus,J04554535+3019389,04:55:45.350,=+30:19:38.920,157.2,II,0.139,-105.4,,,,3.9810717055349206e-106
820,Taurus,AB Aur,04:55:45.845,=+30:33:04.287,155.94,II,3.13,-106.32,,,6411.0,4.786300923226459e-107
821,Taurus,J04554801+3028050,04:55:48.010,=+30:28:05.000,160.22,II,0.086,-10.25,,,,5.6234132519034906e-11
822,Taurus,J04554969+3019400,04:55:49.696,=+30:19:40.040,163.13,II,0.059,-105.2,,,,6.309573444801891e-106
823,Taurus,XEST 26-062,04:55:56.055,=+30:36:20.960,141.0,II,,,,0.15,504.0,
824,Taurus,SU Aur,04:55:59.385,=+30:34:01.519,156.99,II,2.82,-8.13,,,1828.0,7.413102413009162e-09
825,Taurus,XEST 26-071,04:56:01.182,=+30:26:34.830,141.0,II,0.254,-105.9,,,,1.2589254117941507e-106
826,Taurus,MWC 480,04:58:46.265,=+29:50:36.975,156.22,II,3.58,-106.28,0.069,,18465.0,5.248074602497712e-107
827,Taurus,V836 Tau,05:03:06.595,=+25:23:19.710,167.0,II,0.475,-9.143,0.049,,2068.0,7.194489780036984e-10
828,Taurus,CIDA 8,05:04:41.399,=+25:09:54.400,169.0,II,0.21600000000000005,-105.5,,,621.0,3.1622776601683795e-106
829,Taurus,CIDA 9 A,05:05:22.861,=+25:31:31.230,141.0,II,0.485,-106.5,0.05,,2055.0,3.162277660168379e-107
830,Taurus,CIDA 9 B,05:05:22.861,=+25:31:31.230,141.0,II,0.133,-105.8,,,,1.5848931924611237e-106
831,Taurus,CIDA 11,05:06:23.327,=+24:32:19.950,141.0,II,,,,,,
832,Taurus,CIDA 11 B,05:06:23.327,=+24:32:19.950,141.0,REMOVE,,,,,,
833,Taurus,RW Aur A,05:07:49.566,=+30:24:05.177,141.0,II,1.48,-7.07,0.051,,1972.0,8.511380382023759e-08
834,Taurus,RW Aur B,05:07:49.470,=+30:24:04.810,156.1,II,0.7549,-105.7,,,303.0,1.9952623149688666e-106
835,Taurus,CIDA 12,05:07:54.966,=+25:00:15.610,169.95,II,0.227,-105.6,,0.15,91.0,2.511886431509613e-106
836,Taurus,J04263055+2443558,04:26:30.558,=+24:43:55.836,123.31,II,,,,,,
837,Taurus,V710 Tau B,04:31:57.792,=+18:21:37.948,145.95,II,0.405,-105.8,,,,1.5848931924611237e-106
838,Taurus,V807 Tau Bab,04:33:06.630,=+24:09:55.044,141.0,II,0.35700000000000004,-105.5,,,,3.1622776601683795e-106
839,Taurus,J04361030+2159364,04:36:10.304,=+21:59:36.476,115.91,II,,,,,,
840,Taurus,JH 112 Ab,04:32:49.117,=+22:53:02.847,162.55,II,,,,,228.0,
841,Taurus,JH 112 Bb,04:32:49.380,=+22:53:08.220,141.0,II,,,,,127.0,
842,Taurus,GG Tau Ab,04:32:30.310,=+17:31:41.000,141.0,II,,,,,,
843,CrA,CrA-1,18:56:39.760,-37:07:20.800,150.06,II,,,0.1,,,
844,CrA,CrA-3,18:59:43.920,-37:04:01.100,156.0,F,,,,,,
845,CrA,CrA-4,18:59:50.950,-37:06:31.600,157.28,II,0.036000000000000004,-105.1,0.14,,,7.943282347242919e-106
846,CrA,CrA-6,19:00:29.070,-36:56:03.800,156.0,II,0.1975,-105.4,0.08,,,3.9810717055349206e-106
847,CrA,CrA-8,19:00:45.310,-37:11:48.200,162.78,II,0.045,-105.2,0.16,,154.0,6.309573444801891e-106
848,CrA,CrA-9,19:00:58.050,-36:45:05.000,156.36,II,0.464,-105.8,0.33,,350.0,1.5848931924611237e-106
849,CrA,CrA-10,19:00:59.750,-36:47:11.200,151.78,II,0.113,-105.7,0.22,,42.0,1.9952623149688666e-106
850,CrA,CrA-12,19:01:16.290,-36:56:28.300,153.42,II,0.058,-105.3,0.1,,91.0,5.011872336272755e-106
851,CrA,CrA-13,19:01:18.950,-36:58:28.400,151.34,II,0.376,-105.8,0.21,,179.0,1.5848931924611237e-106
852,CrA,CrA-15,19:01:32.310,-36:58:03.000,156.0,II,0.212,-105.6,0.08,,,2.511886431509613e-106
853,CrA,CrA-16,19:01:33.850,-36:57:44.900,156.0,II,0.312,-105.6,1.0,,1399.0,2.511886431509613e-106
854,CrA,CrA-18,19:01:40.410,-36:51:42.300,180.0,II,0.403,-105.6,0.35,,491.0,2.511886431509613e-106
855,CrA,CrA-21,19:01:51.120,-36:54:12.400,156.0,II,0.41,-106.0,0.08,,,1e-106
856,CrA,CrA-22,19:01:51.860,-37:10:44.700,155.49,II,0.097,-105.3,0.12,,,5.011872336272755e-106
857,CrA,CrA-23,19:01:53.750,-37:00:33.900,159.26,II,0.029,-105.3,0.12,,25.0,5.011872336272755e-106
858,CrA,CrA-26,19:02:06.800,-36:58:41.000,219.03,II,0.029,-104.9,0.11,,,1.2589254117941508e-105
859,CrA,CrA-28,19:02:12.000,-37:03:09.400,155.96,II,0.075,-105.5,0.09,,,3.1622776601683795e-106
860,CrA,CrA-29,19:02:14.630,-37:00:32.900,156.0,II,,,0.11,,,
861,CrA,CrA-30,19:02:27.070,-36:58:13.100,156.0,II,0.47,-105.62,0.09,,35.0,2.3988329190194654e-106
862,CrA,CrA-31,19:02:33.070,-36:58:21.200,156.0,II,0.221,-105.5,0.19,,194.0,3.1622776601683795e-106
863,CrA,CrA-33,19:03:01.030,-37:07:53.400,156.0,F,,,,,,
864,CrA,CrA-35,19:03:11.840,-37:09:02.100,156.0,II,0.11,-105.4,0.11,,,3.9810717055349206e-106
865,CrA,CrA-36,19:03:24.290,-37:15:07.700,156.0,II,0.1,-105.2,0.82,,886.9999999999999,6.309573444801891e-106
866,CrA,CrA-40,19:01:25.750,-36:59:19.100,156.0,II,0.145,-105.3,0.11,,,5.011872336272755e-106
867,CrA,CrA-41,19:01:41.620,-36:59:52.700,155.38,II,0.385,-105.6,0.21,,191.0,2.511886431509613e-106
868,CrA,CrA-42,19:01:50.480,-36:56:38.400,156.0,II,,,0.34,,335.0,
869,CrA,CrA-45 E,19:03:16.090,-37:14:08.200,156.0,II,,,1.92,,2051.0,
870,CrA,CrA-46,18:55:56.320,-37:00:07.100,156.0,F,,,,,,
871,CrA,CrA-47,18:56:40.280,-36:55:20.800,146.85,II,0.036000000000000004,-105.4,0.09,,,3.9810717055349206e-106
872,CrA,CrA-48,18:57:07.860,-36:54:04.400,152.03,II,0.05,-105.5,0.12,,,3.1622776601683795e-106
873,CrA,CrA-52,19:00:01.580,-36:37:06.200,154.08,II,0.532,-106.1,0.16,,131.0,7.94328234724292e-107
874,CrA,CrA-53,19:01:11.490,-36:45:33.800,153.11,II,0.054000000000000006,-105.3,0.1,,,5.011872336272755e-106
875,CrA,CrA-54,19:01:39.150,-36:53:29.400,156.27,II,0.725,-105.5,0.09,,33.0,3.1622776601683795e-106
876,CrA,CrA-55,19:01:55.230,-37:23:41.000,156.0,II,0.71,-106.02,0.1,,56.00000000000001,9.549925860214447e-107
877,CrA,CrA-56,19:02:16.660,-36:45:49.400,154.92,II,0.146,-105.5,0.1,,,3.1622776601683795e-106
878,CrA,CrA-57,19:03:25.480,-36:55:05.300,157.59,II,0.091,-105.4,0.1,,,3.9810717055349206e-106
879,CrA,S CrA N,19:01:08.620,-36:57:20.300,156.0,II,,,10.4,,9648.0,
880,CrA,T CrA,19:01:58.780,-36:57:49.900,156.0,II,2.23,-106.25,0.28,,343.0,5.62341325190349e-107
881,CrA,TY CrA,19:01:40.810,-36:52:33.800,156.0,II,3.99,-106.33,0.13,,63.0,4.6773514128720006e-107
882,CrA,IRS 10,19:02:04.090,-36:57:01.200,156.0,II,,,0.08,,,
883,CrA,Halpha 15,19:04:17.250,-36:59:03.200,156.0,II,0.21,-105.3,0.08,,47.0,5.011872336272755e-106
884,CrA,ISO-CrA 177,19:02:54.640,-36:46:19.200,156.0,II,0.116,-105.9,0.11,,36.0,1.2589254117941507e-106
885,CrA,Haas 4,19:01:40.670,-36:56:04.900,156.0,F,,,,,,
886,CrA,Haas 17,19:01:51.740,-36:55:14.200,156.0,II,,,0.11,,,
887,CrA,LS-RCrA 1,19:01:33.560,-37:00:30.300,154.79,F,,,,,,
888,CrA,G09 CrA-9,19:01:58.320,-37:01:06.000,156.0,II,,,0.09,,,
889,CrA,S CrA S,19:01:08.620,-36:57:20.300,156.0,,,,10.4,,8907.0,
890,CrA,CrA-45 W,19:03:16.090,-37:14:08.200,156.0,,,,1.92,,437.0,
